otsikko,teksti,tahdet,url,kieli
N/A,hyvä imuteho mut miinus koska liian kevyt kaatuu,5,https://hobbyhall.fi/fi/review/8923/13023#review-10,fi
N/A,"Kätevän pieni mökille, mutta imuteho heikko. Ei jaksa imeä kiviä, kevyet roskat kyllä.",3,https://hobbyhall.fi/fi/review/8923/13023#review-10,fi
N/A,Ei ole niin hyvää kun luulesin olevaan,1,https://hobbyhall.fi/fi/review/8923/13023#review-10,fi
N/A,"No voihan hyssykät että olikin pieni imuri, siis tämä imuri sopii täydellisesti yksiöihin jotka ovat sopivan pieniä hänelle. Meilläkin 4hk joten aivan liian pieni.",3,https://hobbyhall.fi/fi/review/8923/13023#review-10,fi
N/A,Pieni ja näppärä imuri pieniin talouksiin.,4,https://hobbyhall.fi/fi/review/8923/13023#review-10,fi
N/A,Tottele on honno laatuun säylio irtto imurointi aikaan... Piuha lyhyt.... Imurointi lanttu honno.... Ja mellu tasso on järkyttävä....,1,https://hobbyhall.fi/fi/review/8923/13023#review-10,fi
N/A,Toimii niinkuin tuotekuvaus kertoo!,5,https://hobbyhall.fi/fi/review/8923/13023#review-10,fi
N/A,Ihan näppärä pieni imuri olin kyllä ensiksi et toimiikohan tämä edes? Toimihan se ihan kiitetysti ei ole ollut moittimisen varaa :),5,https://hobbyhall.fi/fi/review/8923/13023#review-10,fi
N/A,Tosi tehokas ja kevyt imuri.,5,https://hobbyhall.fi/fi/review/8923/13023#review-10,fi
N/A,Kiitos olet ystavalinr ja hyvää,5,https://hobbyhall.fi/fi/review/8923/13023#review-10,fi
N/A,Monessa on vielä kehitelimistä,4,https://hobbyhall.fi/fi/review/8923/13023#review-10,fi
N/A,Hintansa värtti erityisesti pienen asunnon imuirointiin,5,https://hobbyhall.fi/fi/review/8923/13023#review-10,fi
N/A,Hyvä pikkuimuri.,5,https://hobbyhall.fi/fi/review/8923/13023#review-10,fi
N/A,Ihan passeli pieneen asuntoon. Perus äänekäs imuri.,4,https://hobbyhall.fi/fi/review/8923/13023#review-10,fi
N/A,"Luvattiin seuraavaksi päiväksi , meni kaksi . Asiakaspalvelu tukossa , kyseltyäni tuotetta kuli viikko kunnes vastaus tuli. Ei hyvä.",3,https://hobbyhall.fi/fi/review/8923/13023#review-10,fi
N/A,"Hyvää,toimi hyvin",5,https://hobbyhall.fi/fi/review/8923/13023#review-10,fi
N/A,"Olen tyytyväinen , toimitus oli myös nopea",5,https://hobbyhall.fi/fi/review/8923/13023#review-10,fi
N/A,"Auton imurointiin tosi,tosi hyvä. Nopea ottaa ja kevyt",4,https://hobbyhall.fi/fi/review/8923/13023#review-10,fi
N/A,Pieni ja tosi lyhyllä imuri putkella. Lähinnä lastensa käytön,1,https://hobbyhall.fi/fi/review/8923/13023#review-10,fi
N/A,"Ihan lelu, halvan oloinen eli se Lelu",1,https://hobbyhall.fi/fi/review/8923/13023#review-10,fi
N/A,"Tuitteet olleet vasta hetken käytössäni,joten arvostelu perustuu tähänastiseen",3,https://hobbyhall.fi/fi/review/8923/13023#review-10,fi
N/A,Paljon pienempi kuin odotin. Plussaa pussittomuudesta ja helposta puhdistuksesta. Miinusta liian kovasta imutehosta ja säätömahdollisuuden puuttumisesta. Hyvä varaimuri.,3,https://hobbyhall.fi/fi/review/8923/13023#review-10,fi
N/A,tuote sopii pinen asunnon siivoukseen,3,https://hobbyhall.fi/fi/review/8923/13023#review-10,fi
N/A,"Pikku imuri yllättävän tehokas,auto imuri tai ilmalämpöpumpun puhdistukseen sopivan pieni. Pussiton ja sikäli kätevä.",5,https://hobbyhall.fi/fi/review/8923/13023#review-10,fi
N/A,Kertakäyttötuote.,1,https://hobbyhall.fi/fi/review/8923/13023#review-10,fi
N/A,Näppärä laite ei tarvi miettiä mistä ostaa pölyimurin suodatus pusseja. kun pussiton.,5,https://hobbyhall.fi/fi/review/8923/13023#review-10,fi
N/A,Ei kovin hyvä imukyky.,2,https://hobbyhall.fi/fi/review/8923/13023#review-10,fi
N/A,Oli juuri sellainen kuin esitteessä oli .,4,https://hobbyhall.fi/fi/review/8923/13023#review-10,fi
N/A,"Hyvä toimituspalvelu, mutta tavarat eivät ole hyviä, en suosittele.",1,https://hobbyhall.fi/fi/review/8923/13023#review-10,fi
N/A,Ei ollut tehokas.,1,https://hobbyhall.fi/fi/review/8923/13023#review-10,fi
N/A,Yksiöön sopiva imuri. Ei paljon vielä käytetty joten aika näyttää miten kestää.,5,https://hobbyhall.fi/fi/review/8923/13023#review-10,fi
N/A,Ihan ok imuri peruskäyttöön.,4,https://hobbyhall.fi/fi/review/8923/13023#review-10,fi
N/A,Imuri ei ime kunnolla ja säiliötä pitää olla koko ajan tyhjentämässä. Johto liian lyhyt,1,https://hobbyhall.fi/fi/review/8923/13023#review-10,fi
N/A,Halpa ja teholtaan heikko imuri.,1,https://hobbyhall.fi/fi/review/8923/13023#review-10,fi
N/A,Tosi huonosti ei ole hyvä se on rikki,1,https://hobbyhall.fi/fi/review/8923/13023#review-10,fi
N/A,"Siis ensinnäkin , täytän pian 38v ja olen usein erilaisia imuroitavissa käyttänyt... mutta tämä on pohjanoteeraus! Ikinä en ole yhtä huonolla imurilla imuroinut. Kauden kovaa meteliä pitää siihen nähden ettei edes ime kaikkia roskia. Ja vaikka kuinka naksahtaa kiinni osat niin koko ajan kesken imuroinnin saa olla taistelemassa että imuri pyyyy yhtenä kappaleena kun koko ajan irtoaa osat. Sen piti helpottaa arkeani mutta tekikin päinvastoin :( Asiakaspalvelu Hobbyhallissa on ollut miellyttävää. Ja lisäksi posti oli vaihtanut toimituspaikkaa joten täytyy linja-autolla vielä erikseen se hakea töiden jälkeen .",1,https://hobbyhall.fi/fi/review/8923/13023#review-10,fi
N/A,"kätevän pieni ja kevyt käyttää, yllättävän tehokas",4,https://hobbyhall.fi/fi/review/8923/13023#review-10,fi
N/A,Huippu imuri tähän hintaan! Paljon karvaa ja santaa keräävän rivari yksiön saa imuroida 5 kertaa ennenkuin täytyy tyhjentää ja hyvin lähtee koiran karvatkin matosta 5/5,5,https://hobbyhall.fi/fi/review/8923/13023#review-10,fi
N/A,"Ihan ok imuri pieneen asuntoon, johto aika lyhyt.",4,https://hobbyhall.fi/fi/review/8923/13023#review-10,fi
N/A,Minun huusholliin sopiva pikku imuri..,3,https://hobbyhall.fi/fi/review/8923/13023#review-10,fi
N/A,"Tuote toiminut tähän päivään asti ainakin hyvin vaikka, lelulta tuntuukin.",4,https://hobbyhall.fi/fi/review/8923/13023#review-10,fi
N/A,Hyvä imuri. Suositellaan,5,https://hobbyhall.fi/fi/review/8923/13023#review-10,fi
N/A,Näppärä ja sopivan kokoinen,5,https://hobbyhall.fi/fi/review/8923/13023#review-10,fi
N/A,On hyvä tehoilla ja on pitkä johto,4,https://hobbyhall.fi/fi/review/8923/13023#review-10,fi
N/A,Mausteinen tuoksu syksyyn ja talveen,4,https://hobbyhall.fi/fi/review/340093/497648#review-10,fi
N/A,Turhan pitkät toimitusajat,5,https://hobbyhall.fi/fi/review/340093/497648#review-10,fi
N/A,Oma tuoksuni jo vuosia! En vaihda toisiin!!,5,https://hobbyhall.fi/fi/review/340093/497648#review-10,fi
N/A,Nopea toimitus ja edullinen hinta,5,https://hobbyhall.fi/fi/review/340093/497648#review-10,fi
N/A,Todella hyvä tuoksu ja riittoisa. Sopii arkeen ja juhlaan. Kaunis pullo. Tämä tuote on yksi lempi tuoksuistani.,5,https://hobbyhall.fi/fi/review/340093/497648#review-10,fi
N/A,Nopea toimitus.Kiitos,5,https://hobbyhall.fi/fi/review/340093/497648#review-10,fi
N/A,"Hyvä tarjous, erittäin nopea toimitus noutona",5,https://hobbyhall.fi/fi/review/340093/497648#review-10,fi
N/A,"Ihana tuote, kiitos",5,https://hobbyhall.fi/fi/review/340093/497648#review-10,fi
N/A,"Ihastuttava tuoksu, tuttu jo ennestään. Toimitus nopeaa, vain hyvää sanottavaa.",5,https://hobbyhall.fi/fi/review/340093/497648#review-10,fi
N/A,iso pakkaus pienen hinnalla,5,https://hobbyhall.fi/fi/review/340093/497648#review-10,fi
N/A,Ihan ok tuoksu tuttu tuoksu,5,https://hobbyhall.fi/fi/review/340093/497648#review-10,fi
N/A,Ihana tuoksu etsin tätä kokoa ja löysin.,5,https://hobbyhall.fi/fi/review/340093/497648#review-10,fi
N/A,Hyvä hajuvesi ihana tuoksu,5,https://hobbyhall.fi/fi/review/340093/497648#review-10,fi
N/A,Nopea toimitus,5,https://hobbyhall.fi/fi/review/340093/497648#review-10,fi
N/A,"Nopea, helppo ja hyvät tuotteet",5,https://hobbyhall.fi/fi/review/340093/497648#review-10,fi
N/A,"Tuttu tuoksu, on hyvä.",4,https://hobbyhall.fi/fi/review/340093/497648#review-10,fi
N/A,Olen tyytyväinen tuotteeseen. Oletin pullon olevan pienempi. Olen ostanut laivalta samaa tuotetta. Oli siellä kalliimpaa.,4,https://hobbyhall.fi/fi/review/340093/497648#review-10,fi
N/A,Tuoksu on tuttu ja hyvöä. Asiakaspalvelu oli hyvää.,5,https://hobbyhall.fi/fi/review/340093/497648#review-10,fi
N/A,Tuote oli pettymys. Muihin Escada tuotteisiin ja tuoksuihin tottuneena tämä oli ainoa joka ei vastannut odotuksia tuoksun puolesta. Pullo on kyllä kaunis mutta tuoksu on peruspuuterin hajuinen eikä yhtään hyvä kuten muut escadat.,2,https://hobbyhall.fi/fi/review/340093/497648#review-10,fi
N/A,Kiitos kaikki sujui mukavasti.,4,https://hobbyhall.fi/fi/review/340093/497648#review-10,fi
N/A,Kiitos kaikki sujui mukavasti.,4,https://hobbyhall.fi/fi/review/340093/497648#review-10,fi
N/A,Nopea toimitus ja kätevästi lasku.,5,https://hobbyhall.fi/fi/review/340093/497648#review-10,fi
N/A,Aikuiselle tyttärelle ostin lahjaksi. Kertoi pitävänsä tuoksusta ja käyttävänsä säännöllisesti. Naisellinen tuoksu.,5,https://hobbyhall.fi/fi/review/340093/497648#review-10,fi
N/A,Tuoksun koko oli positiivinen yllätys!,5,https://hobbyhall.fi/fi/review/340093/497648#review-10,fi
N/A,Tuttu tuote ja edullinen hinta,5,https://hobbyhall.fi/fi/review/340093/497648#review-10,fi
N/A,Tykkäsin kovasti tuoksusta.,5,https://hobbyhall.fi/fi/review/340093/497648#review-10,fi
N/A,Nopea toimitus ja toimiva tuote.,5,https://hobbyhall.fi/fi/review/2393/2973#review-10,fi
N/A,"Retki-WC on menossa Ukrainaan, etulinjaan, joten en tiedä käyttökokemuksesta. Olisi kuitenkin hyvä jos HobbyHall myisi myös oheistarvikkeita, kuten jätepusseja, saostuaineita, puuseeturvetta tms. Mieluummin HobbyHallin omalla myynnillä, ulkopuolisilta m.m. HobbyHallin kiinalaisilta myyjiltä en enää tilaa, kertaerehdytys ja korjauksen mahdottomuus riittää.",3,https://hobbyhall.fi/fi/review/2393/2973#review-10,fi
N/A,"Todella tärkeä, on tullut tosi kovaan käyttöön.",5,https://hobbyhall.fi/fi/review/2393/2973#review-10,fi
N/A,"Tuntui vähän ämpäriltä,mutta ajaa asiansa",3,https://hobbyhall.fi/fi/review/2393/2973#review-10,fi
N/A,Tullut tarpeeseen ja kestänyt käyttöä hyvin,5,https://hobbyhall.fi/fi/review/2393/2973#review-10,fi
N/A,Hyvin on toiminut mökillä käytössä.,5,https://hobbyhall.fi/fi/review/2393/2973#review-10,fi
N/A,"Vähän matala, mutta ajaa tarkoituksen",4,https://hobbyhall.fi/fi/review/2393/2973#review-10,fi
N/A,Tuote oli kehnosti pakattu,4,https://hobbyhall.fi/fi/review/2393/2973#review-10,fi
N/A,"Tosi kätevä reissuvessa ja mökille ""yöastiaksi"". Helppo tyhjentää ja pitää puhtaana.",4,https://hobbyhall.fi/fi/review/2393/2973#review-10,fi
N/A,"Tuote toimii todella hyvin mökillä varawc:nä niin, ettei tarvitse yöllä kävellä huussiin.",5,https://hobbyhall.fi/fi/review/2393/2973#review-10,fi
N/A,Kätevä pikkuvessa. Käytetty yövessana. Lapset tykkää.,5,https://hobbyhall.fi/fi/review/2393/2973#review-10,fi
N/A,Käytössä on ja hyvin käytännöllinen hinta/laatu kohdallaan,5,https://hobbyhall.fi/fi/review/2393/2973#review-10,fi
N/A,"Nopea toimitus. Tuote tilattiin ilman suunniteltua tarkoitusta, mutta osoittautui loistavaksi varavessaksi. Mökillä ulkohuussi 30m päässä mökistä. Oli kylmä, myrskysateinen syksypäivä kun mentiin mökille. Iltapimeässä kyykkypissa sateessa tai liukas polku huussiin yövaatteissa, tuntu välttämättömältä pahalta. Paitsi, että onneksi oli juuri hommattu tällainen näppärä sisäveski! Iso biopussi pönttöön, pohjalle huussikuiviketta ja sisäveski oli valmis! Istumakorkeuskin oli erittäin hyvä. Tulee olemaan varavessana jatkossakin niin metsää raivatessa, vaunuilemassa kuin mökilläkin.",5,https://hobbyhall.fi/fi/review/2393/2973#review-10,fi
N/A,Hyvä tuote ja sopiva hinta.,5,https://hobbyhall.fi/fi/review/2393/2973#review-10,fi
N/A,"Lapselle sopiva ,ei vanhukselle.",2,https://hobbyhall.fi/fi/review/2393/2973#review-10,fi
N/A,Kiitos paljon hyvä on pytty,4,https://hobbyhall.fi/fi/review/2393/2973#review-10,fi
N/A,Toimii. Bioska pussi sisään niin on myös siistiä.,4,https://hobbyhall.fi/fi/review/2393/2973#review-10,fi
N/A,Hyvä toimiva tuote.,5,https://hobbyhall.fi/fi/review/2393/2973#review-10,fi
N/A,Loistava yöpisuastia mökille.,5,https://hobbyhall.fi/fi/review/2393/2973#review-10,fi
N/A,Kätevä matka-wc esimerkiksi sähkökatkojen varalta,4,https://hobbyhall.fi/fi/review/2393/2973#review-10,fi
N/A,"Liian matala käyttöön, piti rakentaa koroke alle!",3,https://hobbyhall.fi/fi/review/2393/2973#review-10,fi
N/A,Hyvälaatuinen ja kätevä,4,https://hobbyhall.fi/fi/review/2393/2973#review-10,fi
N/A,Läpinäkyvä pakkaus vähän keljutti.,5,https://hobbyhall.fi/fi/review/2393/2973#review-10,fi
N/A,"Hyvä tuote. Toimii niin kuin odotettiinkin, ei tarvitse yöllä puuceehen kävellä!",4,https://hobbyhall.fi/fi/review/2393/2973#review-10,fi
N/A,"Nopea toimitus, tuote tulee mökkikäyttöön",4,https://hobbyhall.fi/fi/review/2393/2973#review-10,fi
N/A,"Ihan ok, ajaa asiansa.",5,https://hobbyhall.fi/fi/review/2393/2973#review-10,fi
N/A,Kätevä tuote mökillä,5,https://hobbyhall.fi/fi/review/2393/2973#review-10,fi
N/A,"Ajaa asiansa, mutta toimituksessa kansi rikki. Olen tilannut 2 ja kummassakin samajuttu, muuten tyytyväinen",4,https://hobbyhall.fi/fi/review/2393/2973#review-10,fi
N/A,"Liian kovaa muovia . Ämpärissä oli reikä jo tullessa ja istuin halkesi melko nopeasti ! Surkea tuote , ei olisi pitänyt luottaa halpaan !",1,https://hobbyhall.fi/fi/review/2393/2973#review-10,fi
N/A,"Kevyt ja sopivan kokoinen astia. Jos haluat ämpärin minkä reunoilla voi istua, niin tässä on. Muuten tavallinen ämpäri ajaa saman asian. Mökille, retkelle ja lapsiperheille hyvä tai putkiremontin ajaksi. Olen tyytyväinen.",4,https://hobbyhall.fi/fi/review/2393/2973#review-10,fi
N/A,Toimiva tuote - nopea toimitus.,5,https://hobbyhall.fi/fi/review/2393/2973#review-10,fi
N/A,"Kiva kevyt ratkaisu mökille, kun pimenevinä iltoina ei viitsi lähteä yöpissalle huussiin.",4,https://hobbyhall.fi/fi/review/2393/2973#review-10,fi
N/A,"Pieni, kuin tavallinen ämpäri, pakattu vain ""elmukelmuun""",1,https://hobbyhall.fi/fi/review/2393/2973#review-10,fi
N/A,Hinta/laatusuhde hyvä.,5,https://hobbyhall.fi/fi/review/2393/2973#review-10,fi
N/A,"Tuote oli pakattu elmukelmuun, joten ensimmäinen lähetys oli rikki, siitä alkoi taas säätö myyjän ja laskutuksen kanssa. Ja tuote toimitettiin eri paikkaan mihin oli tilattu, ylimääräisiä kuluja siitäkin syntyi!",4,https://hobbyhall.fi/fi/review/2393/2973#review-10,fi
N/A,Pelastus putkiremonttia varten. Istumakorkeus on riittävä ja sanko kevyt tyhjätä.,5,https://hobbyhall.fi/fi/review/2393/2973#review-10,fi
N/A,Tuote vastaa sitä mitä halusin.,5,https://hobbyhall.fi/fi/review/2393/2973#review-10,fi
N/A,Hinta / laatu kaikkinensa ok.,4,https://hobbyhall.fi/fi/review/2393/2973#review-10,fi
N/A,Toimii kuten pitääkin,4,https://hobbyhall.fi/fi/review/2393/2973#review-10,fi
N/A,Selkäsairaalle hyvä apu kipujen ollessa pahimmillaan,5,https://hobbyhall.fi/fi/review/2393/2973#review-10,fi
N/A,Vaikka se ei piti haise mutta kyllä se niin va on muuten hyvä,3,https://hobbyhall.fi/fi/review/2393/2973#review-10,fi
N/A,Ekologinen vaihtoehto sähkökatkoihin.,5,https://hobbyhall.fi/fi/review/2393/2973#review-10,fi
N/A,"Muuten hyvä, mutta hieman pienikokoinen.",3,https://hobbyhall.fi/fi/review/2393/2973#review-10,fi
N/A,Jos on käyttöä ni suosittelen.,4,https://hobbyhall.fi/fi/review/2393/2973#review-10,fi
N/A,Käyttötarkoitukseensa ja hintaansa nähden viiden tähden tuote.,5,https://hobbyhall.fi/fi/review/2393/2973#review-10,fi
N/A,Toimiva ratkaisu mökille vanhan ihmisen öiseen tarpeeseen.,4,https://hobbyhall.fi/fi/review/2393/2973#review-10,fi
N/A,Hyvä yövessa mökille,5,https://hobbyhall.fi/fi/review/2393/2973#review-10,fi
N/A,Näppärä ja kevyt.,5,https://hobbyhall.fi/fi/review/2393/2973#review-10,fi
N/A,"Lapsiperheille pienimmille ehkä sopiva ,mutta ei isommille .Roskasankona kyllä kätevä.",3,https://hobbyhall.fi/fi/review/2393/2973#review-10,fi
N/A,Kätevä käyttää!!,5,https://hobbyhall.fi/fi/review/2393/2973#review-10,fi
N/A,Tuote ylitti odotukseni. Toimitus oli nopea. Olen oikein tyytyväinen,5,https://hobbyhall.fi/fi/review/2393/2973#review-10,fi
N/A,Kätevä tuote ja edullinen,5,https://hobbyhall.fi/fi/review/2393/2973#review-10,fi
N/A,"Hyvä hinta/laatusuhde. Kätevä käyttää veneretkillä, mökillä ym.",5,https://hobbyhall.fi/fi/review/2393/2973#review-10,fi
N/A,Erittäin hyvä yöastia esim mökillä talvella jossa ulko huussi.,4,https://hobbyhall.fi/fi/review/2393/2973#review-10,fi
N/A,"Vähän pieni, luulin siinä olevan sisä ämpärin.",4,https://hobbyhall.fi/fi/review/2393/2973#review-10,fi
N/A,Laatu ei ole kovin hyvä,2,https://hobbyhall.fi/fi/review/1248/1388#review-10,fi
N/A,Ihan hyvä perus monitoimikeitin joka on ollut meillä jo 5 kk päivittäisessä käytössä. Ei kovinkaan paljon ohjelmia mutta kyllä millä pärjää. Sisäkattilan kannattaa pestä käsin.,4,https://hobbyhall.fi/fi/review/1248/1388#review-10,fi
N/A,"Tosi hyvä, hyvä laatu",5,https://hobbyhall.fi/fi/review/1248/1388#review-10,fi
N/A,"Tuote on hyvä, olen tyytyväinen.",5,https://hobbyhall.fi/fi/review/1248/1388#review-10,fi
N/A,"Multicookerin sisälle laitettu rikkinäinen muovi mittakulho joka ei kuljetuksessa ole voinut rikkoutua, lisänä tuotteen mukana olisi odottanut enemmän ohjeita ja reseptejä ne jäävät nyt oman luovuuden varaan. (8reseptiä)",2,https://hobbyhall.fi/fi/review/1248/1388#review-10,fi
N/A,Kiitos palvelusta!,5,https://hobbyhall.fi/fi/review/1248/1388#review-10,fi
N/A,Meni rikki kahden kuukauden päästä......,1,https://hobbyhall.fi/fi/review/1248/1388#review-10,fi
N/A,Hyvä ja monipuolinen,5,https://hobbyhall.fi/fi/review/1248/1388#review-10,fi
N/A,"Ihan hyvä, kun ensin opettelee käyttämään. Ainoastaan kansi voisi aueta toiseen suuntaan.",5,https://hobbyhall.fi/fi/review/1248/1388#review-10,fi
N/A,Ruoka helposti palaa pohjaan eikä voitelu auta.,1,https://hobbyhall.fi/fi/review/1248/1388#review-10,fi
N/A,"Sain tämän uuden oston, erittäin huono toimitus",1,https://hobbyhall.fi/fi/review/1248/1388#review-10,fi
N/A,Kiitos. Oli nopea toimitus. Käyttöviikon aikana ei ollut poikkeamia. Kaikki on ohjeiden mukaan.,5,https://hobbyhall.fi/fi/review/1248/1388#review-10,fi
N/A,Kaikki on erittäin hyvää. Kiitos,5,https://hobbyhall.fi/fi/review/1248/1388#review-10,fi
N/A,Hienoa tuotee)))))))))))))))))))),5,https://hobbyhall.fi/fi/review/1248/1388#review-10,fi
N/A,"Hyvää laite, toimitus on ok.",5,https://hobbyhall.fi/fi/review/1248/1388#review-10,fi
N/A,Recipe kirja mukana.,5,https://hobbyhall.fi/fi/review/1248/1388#review-10,fi
N/A,"Toimitettu odotettua nopeammin. Sähkökulutus on alhainen. Ruoan sekoittaminen on hankalaa, koska kansi avautuu oikealle. Kaikki muu on hyvin!",5,https://hobbyhall.fi/fi/review/1248/1388#review-10,fi
N/A,"Hyvin valmistaa riisin, lihan ja kalan. Reseptit toimivia. Tuotteeseen oli tullut painauma joko ennen pakkaamista tai kuljetuksessa. Ei onneksi vaikuttanut toimivuuteen. Hyvä hinta-laatusuhde.",5,https://hobbyhall.fi/fi/review/1248/1388#review-10,fi
N/A,"Tuote toimitettiin nopeasti, pidin kaikesta",5,https://hobbyhall.fi/fi/review/1248/1388#review-10,fi
N/A,Helppokäyttöinen,5,https://hobbyhall.fi/fi/review/1248/1388#review-10,fi
N/A,Tosi hyvää ja halpa,5,https://hobbyhall.fi/fi/review/1248/1388#review-10,fi
N/A,Pata saapui kotiini nopeasti. Suosittelen ostamaan. Helppokäyttöinen ja upea liesi,5,https://hobbyhall.fi/fi/review/1248/1388#review-10,fi
N/A,"Tosi hyvä, vahan isompi mutta se on ok.",5,https://hobbyhall.fi/fi/review/1248/1388#review-10,fi
N/A,"Hyvä tuote, hyvin toimii",5,https://hobbyhall.fi/fi/review/1248/1388#review-10,fi
N/A,"tuote on täydellinen, et tule pettymään, jos kokeilet sitä",5,https://hobbyhall.fi/fi/review/1248/1388#review-10,fi
N/A,Tosi hyvä laite toimii tosi hyvin ja saa maukasta ruokaa,5,https://hobbyhall.fi/fi/review/1248/1388#review-10,fi
N/A,Käytännöllinen ja helppo käyttää . Maukkaat ruoat ilman suurta vaivaa. Suosittelen .,5,https://hobbyhall.fi/fi/review/1248/1388#review-10,fi
N/A,"Monitoimikeitin on rikki kahdeksannen käyttökerran jälkeen. Kauppa ei suostu korjaamaan sitä, vaikka sillä on kahden vuoden takuu.",1,https://hobbyhall.fi/fi/review/1248/1388#review-10,fi
N/A,"Tuote muuten hyvä, mutta reseptikirja hyvin niukka ja osin puutteelinen",3,https://hobbyhall.fi/fi/review/1248/1388#review-10,fi
N/A,Ei olen hyvä tuotte,3,https://hobbyhall.fi/fi/review/1248/1388#review-10,fi
N/A,"Tilasin keittimen, mutta kansi ei pysynyt auki ilman tukea. Sain uuden, jossa oli sama vika ja jonka toinen ""kylki"" oli sisäänpäin lommolla, mutta ajattelin, että pidän sen, sillä keitin toimii silti, ja kannen sain pysymään auki laittamalla kahvaan painoa. Neljännellä käyttökerralla keitin pimeni kokonaan, siihen ei tule virtaa, joten se on nyt ongelmajäte. Jos se olisi toiminut niin kuin luvataan, se olisi ollut erinomainen.",2,https://hobbyhall.fi/fi/review/1248/1388#review-10,fi
N/A,Tosi hyvä kiitos tuotteesta,5,https://hobbyhall.fi/fi/review/1248/1388#review-10,fi
N/A,"tuote on erittäin hyvä, kiitos",5,https://hobbyhall.fi/fi/review/1248/1388#review-10,fi
N/A,Tällä on kivaa tehdä puuroa aamuksi. Illalla ladataan aineet pataan ja valitaan sopiva aika. Aamulla on herkkupuuro valmis!,5,https://hobbyhall.fi/fi/review/1248/1388#review-10,fi
N/A,Hyvä ja käytännöllinen laite toimii kaikinpuolin,5,https://hobbyhall.fi/fi/review/1248/1388#review-10,fi
N/A,Erittäin hyvä tuote. Toimii erinomaisesti,5,https://hobbyhall.fi/fi/review/1248/1388#review-10,fi
N/A,"On tosi tehokas ja hyvää, helppo käydä",5,https://hobbyhall.fi/fi/review/1248/1388#review-10,fi
N/A,"On tosi hyvää, ja tehokas",5,https://hobbyhall.fi/fi/review/1248/1388#review-10,fi
N/A,Tuote toimi niin kuin pitikin suosittelen kaikille.,5,https://hobbyhall.fi/fi/review/1248/1388#review-10,fi
N/A,Tällä valmistaa erinomaista riisiä. Suosittelen.,5,https://hobbyhall.fi/fi/review/1248/1388#review-10,fi
N/A,Tuote oli just sellainen kuin halusinkin.,5,https://hobbyhall.fi/fi/review/1248/1388#review-10,fi
N/A,Me pidimme tästä teekannusta todella paljon! Ostimme sen itsellemme ja myös lahjaksi ystäville!!!,5,https://hobbyhall.fi/fi/review/593/593#review-10,fi
N/A,Toimii hyvin. Hienot värit lämmön mukaan.,5,https://hobbyhall.fi/fi/review/593/593#review-10,fi
N/A,Hinta ja laatu kohtaavat. Tuote on juuri sellainen kuin kuvauksessa on luvattu.,5,https://hobbyhall.fi/fi/review/593/593#review-10,fi
N/A,Lämpötilan valinta on hyvä ominaisuus.,5,https://hobbyhall.fi/fi/review/593/593#review-10,fi
N/A,Toimii hyvin ja on nopea,4,https://hobbyhall.fi/fi/review/593/593#review-10,fi
N/A,toimii ja todella nopea toimitus.,5,https://hobbyhall.fi/fi/review/593/593#review-10,fi
N/A,Erittän hyvä ja tehokas.,5,https://hobbyhall.fi/fi/review/593/593#review-10,fi
N/A,"Olin tyytyväinen tekniikkaan - kaunis, kätevä. Mutta! Laite meni rikki alle vuoden työskentelyn jälkeen!",1,https://hobbyhall.fi/fi/review/593/593#review-10,fi
N/A,Kiitos hienon näköistä kun valojen väri muuttuu lämpö asteen muuttuessa hyvä ja toimiva keitin,4,https://hobbyhall.fi/fi/review/593/593#review-10,fi
N/A,"Forme ainut, mutta paras, toivon kestävyyttä.",5,https://hobbyhall.fi/fi/review/593/593#review-10,fi
N/A,Toimii oikein hyvin. Värivalot veden lämpötilasta on hauska yksityiskohta. Bonusta myöskin lämpimänä pito toiminto.,5,https://hobbyhall.fi/fi/review/593/593#review-10,fi
N/A,Toimitus oli supernopea ja tuote on loistava.,5,https://hobbyhall.fi/fi/review/593/593#review-10,fi
N/A,Rakastin vedenkeitintä.,5,https://hobbyhall.fi/fi/review/593/593#review-10,fi
N/A,Hienosti väri vaihtuu veden lämmetessä. Vaikuttaa ihan hyvältä vedenkeittimeltä.,5,https://hobbyhall.fi/fi/review/593/593#review-10,fi
N/A,"Hyvä vedenkeitin, jopa parempi kuin osa kalliimmista merkkituotteista. Lasisen kannun ansiosta näkee heti paljonko vettä on jäljellä. Eikä lasikannu paina niin paljon, kuin voisi kuvitella. Hienot värit eri asteissa ja parasta tässä keittimessä on se, että se näyttää asteluvut kun vesi lämpenee. Eli näkee suoraan, minkä asteista vesi on. Todella hyvä ominaisuus! Kuin myös kahden tunnin lämpimänäpito.",5,https://hobbyhall.fi/fi/review/593/593#review-10,fi
N/A,Ilo silmälle ja toimii kuten pitääkin.,5,https://hobbyhall.fi/fi/review/593/593#review-10,fi
N/A,"Ihan ok kapistus, tosin ohjeessa mainittiin merkkiääni veden saavuttaessa pyydetyt asteet, tämä laite ei ?????",4,https://hobbyhall.fi/fi/review/593/593#review-10,fi
N/A,"Kivat nuo väriä vaihtavat ledit. On kauniin näköinen ja toimii kuten pitää. Ainut miinus, että veden keittäminen kestää aika kauan.",4,https://hobbyhall.fi/fi/review/593/593#review-10,fi
N/A,Nopea ja kaunis keitin!♥️ Kattila ja paistinpannu,5,https://hobbyhall.fi/fi/review/593/593#review-10,fi
N/A,"Tarvitsin vedenkeittimen, jossa voi säätää lämpötilaa – tärkeää vihreää teetä varten. Vedenkeitin lämmittää veden nopeasti. Olen erittäin tyytyväinen.",5,https://hobbyhall.fi/fi/review/593/593#review-10,fi
N/A,"Onnistunut muotoilu, hinta laatu suhde hyvä!",4,https://hobbyhall.fi/fi/review/593/593#review-10,fi
N/A,Kaikki toimii hyvin tilaaminen ja maksaminen,5,https://hobbyhall.fi/fi/review/593/593#review-10,fi
N/A,Hyvän näköinen ja tuotteen kuvaa vastaava.,4,https://hobbyhall.fi/fi/review/593/593#review-10,fi
N/A,"Erinomainen hinta/laatusuhde. Käytössä päivittäin, olen tyytyväinen ostokseeni.",5,https://hobbyhall.fi/fi/review/593/593#review-10,fi
N/A,Edullinen mutta laadukas vedenkeitin. Lämpötilaa voi säätää. Sopii hyvin erilaisten tee juomien harrastajille.,5,https://hobbyhall.fi/fi/review/593/593#review-10,fi
N/A,Mukava ja kaunis malli,5,https://hobbyhall.fi/fi/review/593/593#review-10,fi
N/A,Tuote on todella hyvä ja tyylikäs,5,https://hobbyhall.fi/fi/review/593/593#review-10,fi
N/A,"muuten hyvä mutta painava, ei sovi jos käsivoimat ovat alentuneet",5,https://hobbyhall.fi/fi/review/593/593#review-10,fi
N/A,"Edullinen, laadukas ja eri lämpötiloihin pysähtyvä toiminto tekee tuotteesta 5/5",5,https://hobbyhall.fi/fi/review/593/593#review-10,fi
N/A,Tuote on hyväksi havaittu jo aiemmin. Hinta oli sopiva.,5,https://hobbyhall.fi/fi/review/33473/48508#review-10,fi
N/A,Tämän kokoiseen pakkaukseen kuuluisi edes jonkinlainen kantokahva.,3,https://hobbyhall.fi/fi/review/33473/48508#review-10,fi
N/A,"Loistava vaihtoehto normaaleille kissanhiekoille. Riittoisa, tehokas hajujen pitäjä ja kaikista tärkeintä se, että kissat tykkää.",5,https://hobbyhall.fi/fi/review/33473/48508#review-10,fi
N/A,Helppo siivota ja todella pehmeä,5,https://hobbyhall.fi/fi/review/33473/48508#review-10,fi
N/A,Helppo siivota ja todella pehmeä,5,https://hobbyhall.fi/fi/review/33473/48508#review-10,fi
N/A,Helppo siivota ja todella pehmeä,5,https://hobbyhall.fi/fi/review/33473/48508#review-10,fi
N/A,Meidän kissat tykkää tästä luonnon sahanpuru kissanhiekasta. Nopeasti paakuuntuva!,5,https://hobbyhall.fi/fi/review/33473/48508#review-10,fi
N/A,Hiekkaa iso helppo.,4,https://hobbyhall.fi/fi/review/33473/48508#review-10,fi
N/A,Kaikki sujui hyvin. Tuote oli toimitettu hyvin etuajassa.,5,https://hobbyhall.fi/fi/review/33473/48508#review-10,fi
N/A,Pussi oli auki kulmasta kun ei oltu pakattu mitenkään,5,https://hobbyhall.fi/fi/review/33473/48508#review-10,fi
N/A,"+ Edullinen + Tiiviit paakut - Pölyävä, ei astmaatikoille - Hajuja ei pidä hyvin poissa - Lyhyt vaihtoväli",3,https://hobbyhall.fi/fi/review/33473/48508#review-10,fi
N/A,Säkit on rikkinäisiä,3,https://hobbyhall.fi/fi/review/33473/48508#review-10,fi
N/A,"Tuotettu ei paketoitu, mutta ei ollut menny rikki.",5,https://hobbyhall.fi/fi/review/33473/48508#review-10,fi
N/A,Ei voi arvostella pakkaamista kun säkit tuli pakkaamatta. Onneksi ei ollu rikki. Huipputuote muuten!,5,https://hobbyhall.fi/fi/review/33473/48508#review-10,fi
N/A,Paras Kissanhieka ikinä,5,https://hobbyhall.fi/fi/review/33473/48508#review-10,fi
N/A,"Paras kissanhiekka, edullisin täältä ostettaessa, ekologinen, riittoisa.",5,https://hobbyhall.fi/fi/review/33473/48508#review-10,fi
N/A,"Useasti olen ostanut, kissa tykkää siitä.",5,https://hobbyhall.fi/fi/review/33473/48508#review-10,fi
N/A,"Cat's Best paakkuuntuva kissanhiekka on ehdottomasti parasta mitä markkinoilta saa, sitoo hajut hyvin ja voi kompostoida. Kallista mutta hyvää!",5,https://hobbyhall.fi/fi/review/33473/48508#review-10,fi
N/A,Kissa on käyttänyt tätä hiekka 15 vuotta,5,https://hobbyhall.fi/fi/review/33473/48508#review-10,fi
N/A,Olin tosi pettynyt kun tuotetta ei oltu pakattu lainkaan. Säkki tuli sellaisenaan ja toisessa säkissä oli reikä mistä valui ulos purua. Sain vajaan pussin. Olin todella pettynyt.,5,https://hobbyhall.fi/fi/review/33473/48508#review-10,fi
N/A,"Edullinen, riittoisa, ekologinen, helppo, ei haise lainkaan. Ylivoimaisesti paras kissanhiekka, vaikkei nyt teknisesti hiekka olekaan.",5,https://hobbyhall.fi/fi/review/33473/48508#review-10,fi
N/A,Liian kauan noutopiste.,5,https://hobbyhall.fi/fi/review/33473/48508#review-10,fi
N/A,"Riittoisaa ja kissa tykkää käyttää, mutta jää helposti tassuihin kiinni ja murusia leviää jonkin verran muuallekin.",4,https://hobbyhall.fi/fi/review/33473/48508#review-10,fi
N/A,"Hyvä tuote, kilpailukykyinen hinta, noudin pussin liikkeestä, nopeasti tuli sinne haettavaksi.",5,https://hobbyhall.fi/fi/review/33473/48508#review-10,fi
N/A,"Muuten hyvä, mutta ei se tuote joka kuvassa.",3,https://hobbyhall.fi/fi/review/33473/48508#review-10,fi
N/A,Tykkään käyttää tätä tuotetta kissoilleni. Tämä tuote tuntuu kissoistakin hyvälle ja paakkuuntuu mukavasti. Hyvä puhdistaa pissapaakkuja.,5,https://hobbyhall.fi/fi/review/33473/48508#review-10,fi
N/A,Toimitus ja helppous tilauksessa,5,https://hobbyhall.fi/fi/review/33473/48508#review-10,fi
N/A,Tuttu tuote ja hinta sopiva. Toimitus nopea.,5,https://hobbyhall.fi/fi/review/33473/48508#review-10,fi
N/A,Olen käyttän tätä hiekka kissalleni 11 vuotta. Voidaan heittää wc:hen tai kompostiin. Ympäristövällinen. Neuvon.,5,https://hobbyhall.fi/fi/review/33473/48508#review-10,fi
N/A,"Hyvin kaakkuuntuva, biohajoava ja pitää hajut poissa.",5,https://hobbyhall.fi/fi/review/33473/48508#review-10,fi
N/A,"Nopea Toimitus. Hieman hirvitti kun pussia ei oltu milläänlailla suojattu, oli kumminkin paperipussi.",5,https://hobbyhall.fi/fi/review/33473/48508#review-10,fi
N/A,"Loistava tuote, ei hajuja",5,https://hobbyhall.fi/fi/review/33473/48508#review-10,fi
N/A,En ole saanut kuin toisen tilaamani säkin. Ettekä ole paluttanut edes paluttanut maksuani kortilleni.,5,https://hobbyhall.fi/fi/review/33473/48508#review-10,fi
N/A,Suosittelen kaikille joilla on kissa.,5,https://hobbyhall.fi/fi/review/33473/48508#review-10,fi
N/A,Hyvä kissanhiekkaa,4,https://hobbyhall.fi/fi/review/33473/48508#review-10,fi
N/A,"Kyllä hekka hyvää, mutta kuuluutus varmasti isompi, kun taballiseltä puupohjaisia hekkaa",4,https://hobbyhall.fi/fi/review/33473/48508#review-10,fi
N/A,"Toimivan oloinen ja järkihintainen saha pienten halkojen, lautojen tms sauna puiden pätkimiseen. Kaksi akkua antaa lisää sahausaikaa.",4,https://hobbyhall.fi/fi/review/116003/203423#review-10,fi
N/A,"Olin Oikein Ihmeissäni Akkujen Kestävyydestä & Ei Pidä Meteliä & Ei Enään Sähköjohtoa Jaloissa Pyörimässsä !!! Täydellinen Ostos & Tiätysti Makita On Paras Merkki , NIINKUIN KAIKKI AKKU TYÖKONEENI ON MELKI KAIKKI MAKITAA !!!",5,https://hobbyhall.fi/fi/review/116003/203423#review-10,fi
N/A,Hyvä toimiva laite,5,https://hobbyhall.fi/fi/review/116003/203423#review-10,fi
N/A,"Muuten hyvä, mutta ketjusuojuksen irrottaminen on hieman haastavaa.",4,https://hobbyhall.fi/fi/review/116003/203423#review-10,fi
N/A,Nopea ja lupauksen mukainen toimitus.,5,https://hobbyhall.fi/fi/review/116003/203423#review-10,fi
N/A,Toimiva laatu tuote edullisesti.,5,https://hobbyhall.fi/fi/review/116003/203423#review-10,fi
N/A,Erittäin hyvä rakennus ja risuihin. 2 akulla jaksaa,4,https://hobbyhall.fi/fi/review/116003/203423#review-10,fi
N/A,"Hyvin toimiva kone, Tyytyväinen ostokseen.",5,https://hobbyhall.fi/fi/review/116003/203423#review-10,fi
N/A,"Laatusaha ja juurikin 2.lla akulla ,niin ei jää homma kesken. Mukavan kevyt ja tehokas.",5,https://hobbyhall.fi/fi/review/116003/203423#review-10,fi
N/A,saha vaikuttaa ihan asialliselta.,4,https://hobbyhall.fi/fi/review/116003/203423#review-10,fi
N/A,Hyvin on toiminut pienten puiden sahaamisessa,4,https://hobbyhall.fi/fi/review/116003/203423#review-10,fi
N/A,Erittäin toimiva laite,5,https://hobbyhall.fi/fi/review/116003/203423#review-10,fi
N/A,"Toimitusajan informaatiossa sähellystä, muuten kaikki hyvin.",4,https://hobbyhall.fi/fi/review/116003/203423#review-10,fi
N/A,Hyvä saha ja hyvä akun kesto!,5,https://hobbyhall.fi/fi/review/116003/203423#review-10,fi
N/A,Nopea toimitus ja saha toimii kuten pitääkin!,5,https://hobbyhall.fi/fi/review/116003/203423#review-10,fi
N/A,Hyvää see on. Kiitan!,5,https://hobbyhall.fi/fi/review/116003/203423#review-10,fi
N/A,Toimii kuten pitääkin.,5,https://hobbyhall.fi/fi/review/116003/203423#review-10,fi
N/A,Erittäin vahva saha mökki käyttöön!,5,https://hobbyhall.fi/fi/review/116003/203423#review-10,fi
N/A,ihan ok kotikäytössä voittaa konesahan,4,https://hobbyhall.fi/fi/review/116003/203423#review-10,fi
N/A,Hyvä tuote ja tuli ajallaan,4,https://hobbyhall.fi/fi/review/116003/203423#review-10,fi
N/A,"hintaisekseen yllättävän hyvä, ainoa ongelma on että jos painaa vähänkään kovempaa niin teho loppuu kesken ja veto loppuu. Toimii yhtä hyvin kuin joku 700 euron husqvarna polttomoottorisaha, vain 30% hitaammin per paksun puun katkaisu. Ranteen paksusen ja ohuemma karsintahommissa saattaa olla jopa nopeampi, koska menee käytännössä välittömästi ""tyhjäkäynnistä"" leikkuunopeuteen. Ergonomiansa puolesta paljon parempi koska on yli kilon kevyempi.",4,https://hobbyhall.fi/fi/review/116003/203423#review-10,fi
N/A,Tuote on sitä mitä pitikin,4,https://hobbyhall.fi/fi/review/116003/203423#review-10,fi
N/A,"Hyvä, kätevä ja hinnaltaan edullinen. Nopea toimitus.",5,https://hobbyhall.fi/fi/review/116003/203423#review-10,fi
N/A,"Lyhyen testailun jälkeen juuri sellainen kuin odotinkin. Pienehköihin kodin puuhommiin (rakennus, polttopuut yms.) oikein mainio peli.",5,https://hobbyhall.fi/fi/review/116003/203423#review-10,fi
N/A,"Hyvä akku Saha, ja hyvä palvelu",4,https://hobbyhall.fi/fi/review/116003/203423#review-10,fi
N/A,muuten hyvä imuri minun tarpeeseen mutta akku sais olla kestävämpi,4,https://hobbyhall.fi/fi/review/2236293/2676373#review-10,fi
N/A,"Loistava pikkuapulainen sekä tehokas apuri, pärjää ilman varsinaista imuria, jos ei ole eläimiä.",4,https://hobbyhall.fi/fi/review/2236293/2676373#review-10,fi
N/A,Ihana ja helpoo nopeiasti siivota minä rakastan,4,https://hobbyhall.fi/fi/review/2236293/2676373#review-10,fi
N/A,Pari päivän jälkeen niin ei toimi hyviin se pieni imuri lähtee sieltä nappi ei toimi,1,https://hobbyhall.fi/fi/review/2236293/2676373#review-10,fi
N/A,Kätevä pieneen imurointiin.,5,https://hobbyhall.fi/fi/review/2236293/2676373#review-10,fi
N/A,Näppärä hyvä käyttää,5,https://hobbyhall.fi/fi/review/2236293/2676373#review-10,fi
N/A,Sujuvat ja nopeat kaupat.,5,https://hobbyhall.fi/fi/review/2236293/2676373#review-10,fi
N/A,"Imurointi on, jotenkin niin vaivatonta ja helppoa, varsi imurilla.. Helppo ladata,, ei ole johto tiellä.. Olen tosi tyytyväinen, että ostin tämän tuotteen..",5,https://hobbyhall.fi/fi/review/2236293/2676373#review-10,fi
N/A,Nopea toimitus..,5,https://hobbyhall.fi/fi/review/2236293/2676373#review-10,fi
N/A,"On kevyt, sopii myös iäkkäälle",4,https://hobbyhall.fi/fi/review/2236293/2676373#review-10,fi
N/A,"Toimii hyvin , hyvä teho.",5,https://hobbyhall.fi/fi/review/2236293/2676373#review-10,fi
N/A,Olen ihan tyytyväinen,5,https://hobbyhall.fi/fi/review/2236293/2676373#review-10,fi
N/A,toistaiseksi kaikki toimii hyvin,4,https://hobbyhall.fi/fi/review/2236293/2676373#review-10,fi
N/A,"Monenlaisia imureita on ollut ,tämä on ehdottomasti paras",5,https://hobbyhall.fi/fi/review/2236293/2676373#review-10,fi
N/A,"se meni rikki 3 kk:n jälkeen, oli takuussa, mutta myymälä ei korjannut sitä, kutsui sitä ""takuun ulkopuoliseksi tapaukseksi"", vaikka niiden piti kattaa pölynimurin korjaus. En suosittele tätä pölynimuria ja kauppaa yleensä",1,https://hobbyhall.fi/fi/review/2236293/2676373#review-10,fi
N/A,Imee hyvin roskat ja pölyn. Hiljainen ääni. Hyvä muotoilu. Pirteä väri. Hinta /laatusuhde mainio. Oli tuote puoleen hintaan. Akun kesto selviää myöhemmin.,5,https://hobbyhall.fi/fi/review/2236293/2676373#review-10,fi
N/A,Erittäin tehokas,5,https://hobbyhall.fi/fi/review/2236293/2676373#review-10,fi
N/A,Varsi-imureissa yleensä pieni pölysäiliö. Muutoin laadukas tuote.,4,https://hobbyhall.fi/fi/review/2236293/2676373#review-10,fi
N/A,"Hyvä, täytti odotukser",5,https://hobbyhall.fi/fi/review/2236293/2676373#review-10,fi
N/A,"Pieneen kämppään sopiva varsi-imuri. Kätevä rikkaimuri. Käyttöaika vähän lyhyt, mutta pieneen kämppään riittävä.",4,https://hobbyhall.fi/fi/review/2236293/2676373#review-10,fi
N/A,Toimiva varsi-imuri pikaiseen imurointiin.,4,https://hobbyhall.fi/fi/review/2236293/2676373#review-10,fi
N/A,Olen ollut tyyytyväinen tilaamiini tuotteisiin,5,https://hobbyhall.fi/fi/review/2236293/2676373#review-10,fi
N/A,Kerran kokeillut. Hyvin tuntuu toimivan.,5,https://hobbyhall.fi/fi/review/2236293/2676373#review-10,fi
N/A,Boch hyvä merkki. Menee joululahjaksi mutta varmasti myös toimii.,5,https://hobbyhall.fi/fi/review/2236293/2676373#review-10,fi
N/A,Akun kestävyys ei ihan huippu luokkaa,4,https://hobbyhall.fi/fi/review/2236293/2676373#review-10,fi
N/A,Ihan ok vehje hintaansa nähden,3,https://hobbyhall.fi/fi/review/2236293/2676373#review-10,fi
N/A,Tuote on vasta tullut käyttöön mutta ensivaikutelma lupaa hyvää ja pitkää käyttöä.,5,https://hobbyhall.fi/fi/review/2236293/2676373#review-10,fi
N/A,Hyvä toimiva laite! Suosittelen.,5,https://hobbyhall.fi/fi/review/2236293/2676373#review-10,fi
N/A,"Erinomainen ja kätevä tuote, lisäksi hyvän näköinen. Olen ollut hyvin tyytyväinen.",5,https://hobbyhall.fi/fi/review/4412431/5433581#review-10,fi
N/A,Todella kätevä ja ihana!,5,https://hobbyhall.fi/fi/review/4412431/5433581#review-10,fi
N/A,"Nopea toimitus, helppo kasata ja todella kätevä.",5,https://hobbyhall.fi/fi/review/4412431/5433581#review-10,fi
N/A,Erittäin hyvä ja toimiva.,5,https://hobbyhall.fi/fi/review/4412431/5433581#review-10,fi
N/A,"Hyvännäköinen ja käytännöllinen taso. Me säilytetään siinä pyykkiä. Huono puoli se, että yksi korin kannakkeista hajosi alle viikossa. Tietenkin tuotteen voi vaihtaa, kun se meni niin nopeasti rikki.",3,https://hobbyhall.fi/fi/review/4412431/5433581#review-10,fi
N/A,"Lupausta nopeampi toimitus, helppo koota ja tarpeeseeni juuri oikea. Tarjoushinnan arvoinen (45€), normihinnan arvoinen (199€) ei.",5,https://hobbyhall.fi/fi/review/4412431/5433581#review-10,fi
N/A,Juuri sopiva ja helppo koota.,5,https://hobbyhall.fi/fi/review/4412431/5433581#review-10,fi
N/A,Erinomainen tuote ja oli helppo koota.,5,https://hobbyhall.fi/fi/review/4412431/5433581#review-10,fi
N/A,"Kestävä ja siistin näköinen. Meillä makuuhuoneessa, josta helppo kantaa pyykit pesuhuoneeseen. Toimii meillä!",4,https://hobbyhall.fi/fi/review/4412431/5433581#review-10,fi
N/A,"Meillä käytössä muovi/kartonki lajittelussa. Siisti ja näppärän kokoinen, pienen kodin eteisessä ei vie tilaa.",5,https://hobbyhall.fi/fi/review/4412431/5433581#review-10,fi
N/A,"tosi kätevä moneen säilytykseen, itse säilytän likapyykkiä siinä. kaunis katsella ja komia.",5,https://hobbyhall.fi/fi/review/4412431/5433581#review-10,fi
N/A,"Tyylikäs, helppo koota ja tarpeeksi tukeva. Ainut pieni miinus se että koreille ei ole stopperia, eli helppo vetää vahingossa kokonaan ulos.",5,https://hobbyhall.fi/fi/review/4412431/5433581#review-10,fi
N/A,Helppo koota ja on juuri sitä mitä odotin.,5,https://hobbyhall.fi/fi/review/4412431/5433581#review-10,fi
N/A,Siisti ja käytännöllinen,5,https://hobbyhall.fi/fi/review/4412431/5433581#review-10,fi
N/A,Mielestäni hyvän näköinen,5,https://hobbyhall.fi/fi/review/4412431/5433581#review-10,fi
N/A,Hyvä tuote hieno sopi pesuhuonesen,5,https://hobbyhall.fi/fi/review/4412431/5433581#review-10,fi
N/A,"Hyvä tuote,nopea toimitus",5,https://hobbyhall.fi/fi/review/4412431/5433581#review-10,fi
N/A,Helppo kasata. Just sellainen kun kuvassa.,5,https://hobbyhall.fi/fi/review/4412431/5433581#review-10,fi
N/A,Hieno ja kaunis ja näppärä,5,https://hobbyhall.fi/fi/review/4412431/5433581#review-10,fi
N/A,"Loistava sivupöytä/pyykkikoriratkaisu, nätti ja käytännöllinen pienessä tilassa.",5,https://hobbyhall.fi/fi/review/4412431/5433581#review-10,fi
N/A,Todella hyvä ja niinkuin kuvauksessa luki. Helppo kasata yksin.,5,https://hobbyhall.fi/fi/review/4412431/5433581#review-10,fi
N/A,"Ei ole vielä käytössä ollut pitkään, mutta tykkään, ainut miinus että jalkojen säätövara on tosi pieni.",4,https://hobbyhall.fi/fi/review/4412431/5433581#review-10,fi
N/A,Kuvan mukainen tuote. Näppärä käytössä.,5,https://hobbyhall.fi/fi/review/4412431/5433581#review-10,fi
N/A,"Tuote oli niinkuin pitikin, toimitus oli vaan käsittämättömän hidas.",5,https://hobbyhall.fi/fi/review/4412431/5433581#review-10,fi
N/A,Tämä oli jotain ihan muuta kuin k18 hoito. Joku rasva laitettu k18 purkkiin.,1,https://hobbyhall.fi/fi/review/2981373/3612223#review-10,fi
N/A,Tuote lhyvä. Hidas toimitus miinuksena,5,https://hobbyhall.fi/fi/review/2981373/3612223#review-10,fi
N/A,Kaikki sujui tosi hyvin.,5,https://hobbyhall.fi/fi/review/2981373/3612223#review-10,fi
N/A,Erinomainen tuote hiuksille.,5,https://hobbyhall.fi/fi/review/2981373/3612223#review-10,fi
N/A,"Tuotetta on laitettava tosi vähän, tai tekee hiukset raskaiksi. On riittoisa ja korjaa hyvin hiuksia.",4,https://hobbyhall.fi/fi/review/2981373/3612223#review-10,fi
N/A,Taattua laatua K18,5,https://hobbyhall.fi/fi/review/2981373/3612223#review-10,fi
N/A,"Hyvä hoitoaine, käytän pari kertaa kuussa kun hiukset kaipaavat enemmän hoitoa.",4,https://hobbyhall.fi/fi/review/2981373/3612223#review-10,fi
N/A,Tuote on juuri sellainen kuin halusin.,5,https://hobbyhall.fi/fi/review/2981373/3612223#review-10,fi
N/A,"Vastaanotin tuotteen K18 Hiusnaamio, 50 ml, käytin sitä vain muutaman kerran ja huomasin että hiukseni menivät todella keltaisen väriseksi, taittoivat jopa vihreään. Otin yhteyttä HobbyHalliin ja kysyin onko mahdollista että tuotteen päiväys on mennyt umpeen tai voiko tuotteessa olla mahdollisesti muuta vikaa. Ilmoitin myös että en oikein uskaltaisi jatkaa tuotteen käyttöä, jos tämä johtuu tuotteen viallisuudesta. Kysyin onko mahdollista saada tietoa tuotteen alkuperäisestä hankintapaikasta, mutta tähän en ikinä ole saanut vastausta mikä vaikuttaa oudolta. En siis enää halua tilata HobbyHallista vaikka aiemmin olen tilannut useita kertoja, palautteeni käsittely jäi aivan kesken enkä saanut vastausta voiko tuotetta minulle hyvittää, kerran se oli kallis enkä ole sitä käyttänyt kuin pari kertaa.",1,https://hobbyhall.fi/fi/review/2981373/3612223#review-10,fi
N/A,Ensikokemukset tuotteesta ovat hyvät. Tuotetta on helppo käyttää.,5,https://hobbyhall.fi/fi/review/2981373/3612223#review-10,fi
N/A,Hyvä tuote ja helposti sain noudettua Tammistosta.,5,https://hobbyhall.fi/fi/review/2981373/3612223#review-10,fi
N/A,Loistava hoitotuote hiuksille,5,https://hobbyhall.fi/fi/review/2981373/3612223#review-10,fi
N/A,"Tekee sen minkä lupaa, loistava tuote!",5,https://hobbyhall.fi/fi/review/2981373/3612223#review-10,fi
N/A,"Toimii, vaikka hiukan löysemmältä tuntuu kuin pikku tuubissa oleva aine. Toinen tilaamani purkki tätä.",5,https://hobbyhall.fi/fi/review/2981373/3612223#review-10,fi
N/A,Nopea toimitus,5,https://hobbyhall.fi/fi/review/2981373/3612223#review-10,fi
N/A,"Edullisin 50ml tuote jonka löysin. Toimii erinomaisesti, ylitti odotukset ja pelasti kemiallisesti ylikäsitellyt (useita vaalennuksia ja permanentti) täysin kuivuneet ja kärsineet hiukset.",5,https://hobbyhall.fi/fi/review/2981373/3612223#review-10,fi
N/A,Paras hiusnaamio mitä löytyy,5,https://hobbyhall.fi/fi/review/2981373/3612223#review-10,fi
N/A,"Ei ollut kuvan mukainen, mutta kelpaa",3,https://hobbyhall.fi/fi/review/2981373/3612223#review-10,fi
N/A,"Tuote juuri sellainen kuin odotin, olen tilannut useamman kerran ja toimitus on todella nopea",5,https://hobbyhall.fi/fi/review/2981373/3612223#review-10,fi
N/A,Lupauksen mukainen.,4,https://hobbyhall.fi/fi/review/2981373/3612223#review-10,fi
N/A,Erittäin laadukas tuote.,5,https://hobbyhall.fi/fi/review/2981373/3612223#review-10,fi
N/A,Hyvä tuttu tuote. Toiveena olisi vielä saada tuotteen loppuessa purkki auki viimeistenkin jäämien saamiseksi käyttöön.,5,https://hobbyhall.fi/fi/review/2981373/3612223#review-10,fi
N/A,"Olen käyttänyt vasta 2 pesukertaa, tuote vaikuttaa erittäin riittoisalta.",5,https://hobbyhall.fi/fi/review/2981373/3612223#review-10,fi
N/A,"Tuttu tuote, yleensä kampaajalta ostanut pienimmän. Tämä oli edullisin 50ml mitä löysin, useimmilla hinta 79e, hh alle 50e. Huipputuote käsitellyille hiuksille. Riittoisa, kannattaa aloittaa yhdellä painalluksella, eikä ohjeessa olevan 3 painalluksen mukaan. 4-6 käyttökerran jälkeen tarvittaessa. 4min vaikutusajan jälkeen kannattaa laittaa kosteuttavaa jätettävää hoitoainetta.",5,https://hobbyhall.fi/fi/review/2981373/3612223#review-10,fi
N/A,"Loistotuote, vaikkakin hintava.",5,https://hobbyhall.fi/fi/review/2981373/3612223#review-10,fi
N/A,Nyt muutaman kerran käyttänyt ja hiukset tuntuu heti paljon terveemmiltä!,5,https://hobbyhall.fi/fi/review/2981373/3612223#review-10,fi
N/A,Erinomainen tuote!,5,https://hobbyhall.fi/fi/review/2981373/3612223#review-10,fi
N/A,"Erittäin hyvä tuote. Tosi kallis, mutta hyvä.",5,https://hobbyhall.fi/fi/review/2981373/3612223#review-10,fi
N/A,Erittäin hyvä hoitoaina,5,https://hobbyhall.fi/fi/review/2981373/3612223#review-10,fi
