"otsikko","teksti","tahdet","url","kieli"
"Olen suhtautunut tähän asti epäilevästi tällaisiin laitteisiin"," mutta nyt omistajana olen tosi tyytyväinen hankintaan. Trimmerillä tekee siistiä jälkeä ja helposti. Laitteen rakenne on jämäkkä ja plussaa myös paristokäytöstä. Hinta/laatusuhde oli hankintahetkellä kohdillaan.""""","5","https://www.verkkokauppa.com/fi/product/670384/Strome-ES229-hygieniatrimmeri/reviews?page=1","fi"
"Täysin käyttökelvoton. Terä on liian alhaalla ja pyörii muovisuojan sisällä joten ei pysty katkaisemaan karvoja. Huonolaatuinen ja täysin käyttökelvoton","1","https://www.verkkokauppa.com/fi/product/670384/Strome-ES229-hygieniatrimmeri/reviews?page=1","fi",""
"Tekee mitä pitääkin"," hintansa väärti eritoten alennuksessa.""""","4","https://www.verkkokauppa.com/fi/product/670384/Strome-ES229-hygieniatrimmeri/reviews?page=1","fi"
"Hiljainen ja tehokas trimmeri niihin aikuisen miehen näkyviin karvoihin - eli nenä ja korva.. Kun muualta alkaa karvantuotto vähenemään niin tuolla kasvaa ja nopeaan. Hearless ears - happy wife :D","4","https://www.verkkokauppa.com/fi/product/670384/Strome-ES229-hygieniatrimmeri/reviews?page=1","fi",""
"Tällä trimmerillä saa hyvin nenäkarvoja leikattua ja ei satu eikä jää ylimääräisiä karvatuppoja jäljelle.","4","https://www.verkkokauppa.com/fi/product/670384/Strome-ES229-hygieniatrimmeri/reviews?page=1","fi",""
"Muutaman viikon kokeilun perusteella voin todeta saaneeni sitä mitä tilasin pienellä rahalla","hoitaa asian niinkuin pitääkin""""","4","https://www.verkkokauppa.com/fi/product/670384/Strome-ES229-hygieniatrimmeri/reviews?page=1","fi"
"Toimii hyvin"," plussaa että on suojus kun toinen halpa malli olisi ollut ilman suojusta. Patteri ei tule mukana""""","5","https://www.verkkokauppa.com/fi/product/670384/Strome-ES229-hygieniatrimmeri/reviews?page=1","fi"
"Yksinkertaisesti laite ei toimi.Olen aikaisemmin käyttänyt halvempia ja toimivia vastaavia tuotteita.Heti alusta asti laitteessa kosketus häiriöitä","1","https://www.verkkokauppa.com/fi/product/670384/Strome-ES229-hygieniatrimmeri/reviews?page=1","fi",""
"Se poistaa erittäin pitkät nenäkarvat.  Ja se jättää lyhyet karvat.","1","https://www.verkkokauppa.com/fi/product/670384/Strome-ES229-hygieniatrimmeri/reviews?page=1","fi",""
"ihan mielettömän huono appi joka tekee täsmälleen saman tarinan vain eri sanoilla","1","https://www.verkkokauppa.com/fi/product/944260/Play-I-Poe-interaktiivinen-lelu/reviews?page=1","fi",""
"Kirjoitin alkujaan ensimmäisenä olevan palautteen ja vehjettä testailtu kymmeniä kertoja eri päivinä joulun jälkeen ja lopulta sai jotenkin toimiin että puolikas lause tuli ja lopetti siihen. Nyt ennenkuin heitin nallen roskiin niin päätin vaihtaa paristot kun tunnetusti tyhjenee itsekseen ”uudet” piunpong patterit. Kuinka ollakkaan pienen säädön jälkeen lähti toimimaan. Jo aiemmin huomasin että poletit sai täyteen kun poisti ohjelman ja asensi uudelleen.","3","https://www.verkkokauppa.com/fi/product/944260/Play-I-Poe-interaktiivinen-lelu/reviews?page=1","fi",""
"Viidellä puhelimella kokeiltu"," resetoitu tehdasasetukset ja jumiutui joka kerta tarinoita luodessaan. Tästä lelusta ei aiheutunut muuta kuin harmaita hiuksia ja pettymys lapselle kovan odotuksen jälkeen""""","1","https://www.verkkokauppa.com/fi/product/944260/Play-I-Poe-interaktiivinen-lelu/reviews?page=1","fi"
"Ei toimi. Testattu os ja android. Yhden kerran saatiin tarina ja sekin kuraa. Jos saat toimimaan"," tietyn tarina määrän jälkeen joudut maksamaan lisää. Jätä tuote hyllyyn.""""","1","https://www.verkkokauppa.com/fi/product/944260/Play-I-Poe-interaktiivinen-lelu/reviews?page=1","fi"
"Sovelluksen asentaminen kesti puoli päivää"," eikä silti toimi.""""","1","https://www.verkkokauppa.com/fi/product/944260/Play-I-Poe-interaktiivinen-lelu/reviews?page=1","fi"
"Ei luo tarinoita loppuun. Odotetuin joululahja"," lapsella tuli itku kun joululahja ei toimi.""""","1","https://www.verkkokauppa.com/fi/product/944260/Play-I-Poe-interaktiivinen-lelu/reviews?page=1","fi"
"Lapsen odotetuin lahja"," sovellus ei toimi ollenkaan !!!! Harmittaa että on tullut ostettua""""","1","https://www.verkkokauppa.com/fi/product/944260/Play-I-Poe-interaktiivinen-lelu/reviews?page=2","fi"
"Sovellus ei toimi mitenkään eikä millään laitteella. Täysin hyödytön ja todella harmi koska lapsi odotti kovasti joululahjaa.","1","https://www.verkkokauppa.com/fi/product/944260/Play-I-Poe-interaktiivinen-lelu/reviews?page=2","fi",""
"Isokin treeni pullo mahtuu joka on tosi hyvä. Joustava eli pitää napakkaasti kiinni pienemmistäkin pulloista.","5","https://www.verkkokauppa.com/fi/product/606184/CYBEX-mukinpidike-musta/reviews?page=1","fi",""
"Ostin Yale Linus 2 älylukkon pariksi niin että alakouluikäinen ja koirien lenkittäjät pääsevät siäsän. Kaikille kävijöille on mahdollisuus keksiä oma koodi. Sovelluksesta voi katsoa ketkä on käynyt ja mihin aikaan. Koodit voi desaktivoida ja muokata helposti ja nopeasti. Super hyvä ja edullinen vaihtoehto kokonaan vaihdettavaan älylukkoon.Ainoastaan koodin laittamisen jälkeen pitää hetki (2-3sec) odottaa että lukko avautuu. Jos laitettu monta kertaa peräkkäin väärät koodit"," se lukittuu ja voi yrittää uudestaan vain ajan päästä.""""","5","https://www.verkkokauppa.com/fi/product/700835/Yale-Linus-Smart-Keypad-nappaimisto-alylukolle/reviews?page=1","fi"
"Melkein voi sanoa että ehdoton tuon lukon kanssa helpottaa kovasti lukon käyttöä","5","https://www.verkkokauppa.com/fi/product/700835/Yale-Linus-Smart-Keypad-nappaimisto-alylukolle/reviews?page=1","fi",""
"Näppis toiminut noin vuoden. Ladattavat akkuparistot kestää noin 2-4 kk. Kesällä pidempään. Normaalit paristot kuluu noin 1-2 kuukaudessa. Hintaan odottaisi tukevaa ja kovaa muovia varsinkin kun kyse on turvalaitteesta ja lukosta. Laite on muovinen ja kevyt. Toivottavasti joskus tulee versio 2.","4","https://www.verkkokauppa.com/fi/product/700835/Yale-Linus-Smart-Keypad-nappaimisto-alylukolle/reviews?page=1","fi",""
"Käyttöönotto meni kivuttomasti ei ollut suurempia ongelmia.  2vko käytöllä toiminut niinkuin pitääkin. Äpsissä sai hetken pähkiä mistä pääsee muuttamaan koodin. Se löytyi vietaslista valikon alta ja joko kotiin liitetyt käyttäjät tai kutsu napilla tehtyä erillisen koodin.","5","https://www.verkkokauppa.com/fi/product/700835/Yale-Linus-Smart-Keypad-nappaimisto-alylukolle/reviews?page=1","fi",""
"Alkuperäinen patteri oli kuukauden käytön jälkeen vuotanut ja saanut näppäimistön epäkuntoon. En saanut toimimaan. Odottelen valmistajan ohjetta. Piti kuitenkin hakea uusi tilalle ja on liian kallis"," jos jatkuvasti joutuu uusimaan. Olisi muuten hyvä airbnb käytössä.""""","1","https://www.verkkokauppa.com/fi/product/700835/Yale-Linus-Smart-Keypad-nappaimisto-alylukolle/reviews?page=1","fi"
"Tarvitsin uuteen grilliin hyvän mittarin. Toimii hienosti ja helppokäyttöinen"," appi helppo""""","4","https://www.verkkokauppa.com/fi/product/356410/Weber-iGrill-mini-digitaalinen-paistolampomittari-bluetooth/reviews?page=1","fi"
"Todella helppo ottaa käyttöön ja toimii oikein hyvin. Weberin appi vaikuttaa myös sujuvalta.","5","https://www.verkkokauppa.com/fi/product/356410/Weber-iGrill-mini-digitaalinen-paistolampomittari-bluetooth/reviews?page=3","fi",""
"Näppärä pieni digitaalinen mittari"," helppo köyttää.""""","3","https://www.verkkokauppa.com/fi/product/356410/Weber-iGrill-mini-digitaalinen-paistolampomittari-bluetooth/reviews?page=5","fi"
"Hyvä tuote tekee sen minkä tarvitsee käyttöikä vaihtelee puolesta vuodesta vuoteen. Hehkutulppaan laitettu weber hintalisä","5","https://www.verkkokauppa.com/fi/product/674557/Weber-SmokeFire-hehkutulppa/reviews?page=1","fi",""
"Laite tukee vain wifi 2.4Ghz ja valittaa että routeristä täytyy 5Ghz wifi disabloida muuten verkkoa ei löydy.Ei löydä Wifi verkkoa sitten millään.","1","https://www.verkkokauppa.com/fi/product/873445/Aqara-Presence-Sensor-FP2-lasnaolotunnistin/reviews?page=1","fi",""
"Mittaa nopeasti. Yksinkertainen käyttää. Mietin tätä pitkää"," mutta olen tyytyväinen ostokseen.""""","5","https://www.verkkokauppa.com/fi/product/379916/Weber-pikalampomittari-15-sek/reviews?page=2","fi"
"Laadukas"," nopea ja tarkka mittari! Vaivaton käyttää.""""","5","https://www.verkkokauppa.com/fi/product/379916/Weber-pikalampomittari-15-sek/reviews?page=2","fi"
"Näppärän kokoinen"," ja toimiva mittari. Antaa mittaustuloksen jopa nopeammin kuin ilmoitettu.""""","4","https://www.verkkokauppa.com/fi/product/379916/Weber-pikalampomittari-15-sek/reviews?page=15","fi"
"Alle vuoden olleet katossa ja jo toista kertaa ne piippailee pattereiden loppumista. En suosittele","1","https://www.verkkokauppa.com/fi/product/450080/Airam-KD-101LE-optinen-palovaroitin-ketjutettava/reviews?page=1","fi",""
"Toimii kuten luvattu ja saapui ajallaan noutopisteelle","5","https://www.verkkokauppa.com/fi/product/450080/Airam-KD-101LE-optinen-palovaroitin-ketjutettava/reviews?page=1","fi",""
"Ostimme kolme hälytintä. Ne asennettiin kahteen kerrokseen ja kolmeen eri tilaan.Asennuksen jälkeen kahdessa laitteessa painettiin """"""""Learn"""""""" ja yhdessä """"""""Test"""""""".Kaikki laitteet huutavat samaan aikaan. Homma valmis.Ei paljoa helpommin voi henkivakuutusta hoitaa..""""","4","https://www.verkkokauppa.com/fi/product/450080/Airam-KD-101LE-optinen-palovaroitin-ketjutettava/reviews?page=1","fi",""
"Mukana tulleet patterit loppuivat 5 kuukaudessa ja tietysti keskellä yötä. Kiitos Airam","1","https://www.verkkokauppa.com/fi/product/450080/Airam-KD-101LE-optinen-palovaroitin-ketjutettava/reviews?page=1","fi",""
"Ei ladannut kun ihan tarkassa kohdassa ja nyt jää päälle vaikka puhelimen ottaa pois ja lämpiää yli 50 asteeseen.En suosittele"," katsotaan meneekö takuuseen.""""","1","https://www.verkkokauppa.com/fi/product/579973/Wave-QiPad-langaton-latausalusta/reviews?page=1","fi"
"On ollut nyt käytössä hetken aikaa"," eikä ole sen kummempaa valitettavaa. Tekee asiansa. Puhelin latautuu odotetulla vauhdilla. Käyttöön otto ja käyttö on helppoa.""""","4","https://www.verkkokauppa.com/fi/product/579973/Wave-QiPad-langaton-latausalusta/reviews?page=1","fi"
"Piiloutuu pienenä ja tyylikkäänä työpöydälle tietokoneen näytön viereen. Lataus toimii välittömästi ja helposti kun laittaa puhelimen laitteen päälle. iPhone 8 akku kestää jonkin aikaa latautua täyteen"," mutta mulle tuo ei ole muodostunut ongelmaksi""""","5","https://www.verkkokauppa.com/fi/product/579973/Wave-QiPad-langaton-latausalusta/reviews?page=1","fi"
"Latausalusta on toiminut moitteettomasti. LG V 30 puhelin silikoonisuojan kanssa on ollut latauksessa"," eikä mitään ongelmia. Latausalusta pysyy hyvin paikoillaan alla olevian """"""""tassujen""""""""ansiosta.""""","5","https://www.verkkokauppa.com/fi/product/579973/Wave-QiPad-langaton-latausalusta/reviews?page=1","fi"
"Pakko jatkaa edellisten linjalla ! Todella hyvä ja huokea laite...........","5","https://www.verkkokauppa.com/fi/product/579973/Wave-QiPad-langaton-latausalusta/reviews?page=1","fi",""
"Upean näköinen ja helppokäyttöinen tehokas laturi. Ei mitään negatiivista sanottavaa.","5","https://www.verkkokauppa.com/fi/product/579973/Wave-QiPad-langaton-latausalusta/reviews?page=1","fi",""
"Toinen kierros tuotetta menossa"," sillä halkeaa hyvin helposti. Asennettavuudesta valitetaan mutta ei se loppujen lopuksi niin vaikeaa ole. Aloittaa painamaan yhdestä nurkasta kuplaa eteenpäin ja sitten kun vastakkaiseen nurkkaan tulee kupla niin nostaa lasia varovaisesti kulmasta ja puristaa kuplan pois. Pienempiä kuplia voi jäädä mutta odottaa vähän aikaa että ne ”yhdistyy” isommaksi kuplaksi ja toistaa aijemman vaiheen niin ei kyllä jää mitään kuplia.""""","3","https://www.verkkokauppa.com/fi/product/598927/PanzerGlass-panssarilasi-Apple-Watch-4-5-6-SE-44-mm-musta/reviews?page=1","fi"
"Erittäin hankala asentaa. Jää herkästi ilmakuplia eikä niitä saa hierottua pois.","2","https://www.verkkokauppa.com/fi/product/598927/PanzerGlass-panssarilasi-Apple-Watch-4-5-6-SE-44-mm-musta/reviews?page=1","fi",""
"Akku kestää pari päivää"," lataa nopeasti. Lapsen oli helppo oppia käyttämään. Aikuisen sovellus toimii ihan hyvin. Ei valitettavaa 😊""""","5","https://www.verkkokauppa.com/fi/product/867091/Xplora-X6-Play-kellopuhelin-sininen/reviews?page=1","fi"
"Kellon valmistaja käytännössä vaatii heidän oman SIM-korttinsa käytön (jossa siis puhelinnumero määräytyy puhelimen mukana tulevan SIM kortin mukaan). Muiden operaattoreiden SIM-kortin käytöstä veloitetaan 9.90e/kk palvelumaksu. Valmistaja ilmoittaa että """"""""laitteen kaikki toiminnallisuudet eivät ole käytössä"""""""" jos tuota palvelumaksua ja aktivointia ei maksa. No käytännössähän tämä tarkoittaa mm. yhteystietojen kirjaamista laitteeseen"," eli laitteella ei voi edes soittaa. Osuvampi ilmaisu olisi """"""""Laitetta ei voi käyttää ilman kuukausittaista palvelumaksun maksamista"""""""".""""","1","https://www.verkkokauppa.com/fi/product/867091/Xplora-X6-Play-kellopuhelin-sininen/reviews?page=1","fi"
"suositella kaikille lapsille. erittäin helppo ja turvallinen käyttää lapsille. 4/5","4","https://www.verkkokauppa.com/fi/product/867091/Xplora-X6-Play-kellopuhelin-sininen/reviews?page=1","fi",""
"Hiukan hankala aloitella kun suomenkielisiä ohjeita ei meinannut löytyä"," mutta nopeasti 7-vuotias synttärilahjaansa tutustui. Lapsen puhelimeksi mielestäni on vähän hintava mutta mitäpä ei mummi murunsa eteen tekisi.""""","4","https://www.verkkokauppa.com/fi/product/867091/Xplora-X6-Play-kellopuhelin-sininen/reviews?page=1","fi"
"Kello toimi hyvin ja tyytyväinen auta lapsille seurustellu ilman puhelinta","5","https://www.verkkokauppa.com/fi/product/867091/Xplora-X6-Play-kellopuhelin-sininen/reviews?page=2","fi",""
"Tukipalvelu olematonliittymien kanssa sekoilu hinnoittelussaHankalin käyttöönotto ikinä missäänHuoltajien appi aivan keskeneräinenlaite&koko systeemi keskeneräinenpaikannus toimii n.50% ajastaei voi luottaa toimivuuteen"," koska kaatuilee päivittäin.""""","1","https://www.verkkokauppa.com/fi/product/867091/Xplora-X6-Play-kellopuhelin-sininen/reviews?page=2","fi"
"Muuten ok mutta akun lataaminen ihmetyttää välillä meinaan latautuuko vaiko ei.Käyttöönotto saattaa olla hieman haastavaa mutta onnistuu diapameilla.Lapsi aloittaa koulun elokuussa joten sitten näkee tuotteen kestävyyden.","4","https://www.verkkokauppa.com/fi/product/867091/Xplora-X6-Play-kellopuhelin-sininen/reviews?page=2","fi",""
"Mototag (samat mitat kuin Airtag) meinaa tippua jo käsittelyssä tästä. En suosittele kenellekään.","1","https://www.verkkokauppa.com/fi/product/931957/FoneKit-silikonipidike-avainrenkaalla-Apple-AirTag-musta/reviews?page=1","fi",""
"Aivan surkea. AirTag putosi melkein itsekseen kahdesti molemmilla kerroilla käytettäessä.","1","https://www.verkkokauppa.com/fi/product/931957/FoneKit-silikonipidike-avainrenkaalla-Apple-AirTag-musta/reviews?page=1","fi",""
"Tämä oli kyllä valitettavasti ala-arvoinen tuote. Speksi ja materiaali hyviä. Ekassa ei toiminut Bluetooth. Vaihdettiin ja toka oli DOA"," ei ladannut akkuja lainkaan.""""","1","https://www.verkkokauppa.com/fi/product/717608/Lenco-CD-300-kannettava-CD-MP3-soitin-musta/reviews?page=1","fi"
"Todella pieni ja kevyt laite Cd-levyjen toistoon (kuulokkeilla)"," kulkee helposti minne vain.Pienuus tekee käyttämisestä hiukan tarkkaa puuhaa.""""","4","https://www.verkkokauppa.com/fi/product/717608/Lenco-CD-300-kannettava-CD-MP3-soitin-musta/reviews?page=1","fi"
"Ostin tämän auto-CD-soittimeksi kun nykyautoissa ei enää ole CD-soitin vakiona. Käyttöliittymä on tähän nähden aika kömpelö ja käynnistämiseen menee aikansa. Voimakkuudenlisäysnappi ei joka painallustaan näytä tottelevan siitä päätellen mitä lukemia näyttö näyttää. Vasta usea käynnistysyrityhs käynnistää laitteen. Saattaa myös pysähtyä kesken ajon kesken kappaleen. On kuitenkin parempi kuin ei mitään.","4","https://www.verkkokauppa.com/fi/product/717608/Lenco-CD-300-kannettava-CD-MP3-soitin-musta/reviews?page=1","fi",""
"Sopiva laite matkalle ja muutoin pientä soitinta kaipaavaan tilanteeseen. Vielä vähäisellä käyttökokemuksella hieman hankala käyttää"," muuttunee kun kokemusta karttuu... Bluetooth yhteys toimii ja yhdistyy eri laitteisiin helposti. Toistaiseksi hintansa väärti .""""","4","https://www.verkkokauppa.com/fi/product/717608/Lenco-CD-300-kannettava-CD-MP3-soitin-musta/reviews?page=1","fi"
"Soitin ei toimi sonyn bluetooth nappikuullokeiden kanssa.mutta jbl kanssa toimii.siitä syystä ei ansaitse yhtään tähteä.ainut plussa tulee siitä kun ei ole kallis","1","https://www.verkkokauppa.com/fi/product/717608/Lenco-CD-300-kannettava-CD-MP3-soitin-musta/reviews?page=1","fi",""
"Toimii halutulla tavalla.  Asennusohjeet eivät miellyttäneet","4","https://www.verkkokauppa.com/fi/product/918427/Denver-DVBC-120-HD-digiboksi-kaapeliverkkoon/reviews?page=1","fi",""
"Ohjekirjassa ei härmän kieltä. Pöljän tuurilla löysin suomenkielisen valikon ja kanavat. Sitte kyllä on pelittänyt.","4","https://www.verkkokauppa.com/fi/product/918427/Denver-DVBC-120-HD-digiboksi-kaapeliverkkoon/reviews?page=1","fi",""
"Aivan liian vaikea ottaa käyttöön. Piti erikseen määrittää uudelleen modulaatio"," sekä symbolinopeus. Olisi jäänyt moneltä ikäihmiseltä asentamatta. Ilman netin kommentteja muilta käyttäjiltä olisi jäänyt minultakin asentamatta.""""","3","https://www.verkkokauppa.com/fi/product/918427/Denver-DVBC-120-HD-digiboksi-kaapeliverkkoon/reviews?page=1","fi"
"Hyvä ja toimiva digiboxi vanhaan LG taulutelevisioon. TV sai vielä lisäaikaa.","4","https://www.verkkokauppa.com/fi/product/918427/Denver-DVBC-120-HD-digiboksi-kaapeliverkkoon/reviews?page=1","fi",""
" Helppo ja Halpa","Antaa todella hyvän kuvan yli 15v vanhalle Sony Bravialle. Asennuksessa ei ongelmia. Piti vain valita Provider:Manual ja tajuudeksi 6.900 QAM 256. Sieltä ne kanavat sitten tupsahti👌","5","https://www.verkkokauppa.com/fi/product/918427/Denver-DVBC-120-HD-digiboksi-kaapeliverkkoon/reviews?page=1","fi"
"Ei ole vielä asennettu.toivotaan että toimii vasta kun on käytössä tietää enemmän.","4","https://www.verkkokauppa.com/fi/product/918427/Denver-DVBC-120-HD-digiboksi-kaapeliverkkoon/reviews?page=1","fi",""
"Helppo käyttöinen digiboxi. Jopa yli 80-vuotiaalle helppo omaksua digiboxin Kauko-ohjain ja boxin käyttäminen vaikka aikaisempaa kokemusta ei tällaisista laitteista ollutkaan.","5","https://www.verkkokauppa.com/fi/product/918427/Denver-DVBC-120-HD-digiboksi-kaapeliverkkoon/reviews?page=1","fi",""
"hei!tämä poksi ei toiminut meillä.oli jotain vikaa?","1","https://www.verkkokauppa.com/fi/product/918427/Denver-DVBC-120-HD-digiboksi-kaapeliverkkoon/reviews?page=1","fi",""
"Selvitä kaapelitv operaattoriltasi taajuus"," symbolinopues ja modulaatio. Esim. Telian kaapelitv:n tapauksessa valitse automaattihaun alueeksi suomi ja verkoksi 6.900MS-QAM256 ja hae. Muillaoperaattoreilla voi olla eri arvot. Manuaalin kirjoittaja ei ole asentanut tätä laitetta.""""","4","https://www.verkkokauppa.com/fi/product/918427/Denver-DVBC-120-HD-digiboksi-kaapeliverkkoon/reviews?page=2","fi"
"Toiseen reikään plugi meni painamalla sitä lujasti"," mutta toiseen ei saanut plugia sisään millään. Palautin ja ostin toisen tuotteen.""""","1","https://www.verkkokauppa.com/fi/product/2354/Goobay-3-5-mm-uros-2-x-3-5-mm-naaras-audioadapteri/reviews?page=1","fi"
" turha ostos.","Musiikki kuuluu vain toisista kuulokkeista. Osta suosiolla hieman kalliimpi tuote.","1","https://www.verkkokauppa.com/fi/product/2354/Goobay-3-5-mm-uros-2-x-3-5-mm-naaras-audioadapteri/reviews?page=1","fi"
"plugien pitää olla sopivassa asennossa jotta signaali kulkee läpi. En suosittele.","2","https://www.verkkokauppa.com/fi/product/2354/Goobay-3-5-mm-uros-2-x-3-5-mm-naaras-audioadapteri/reviews?page=1","fi",""
"Mahtava tuote"," jolla on helppo liittää yhteen laitteeseen esim. kahdet kuulokkeet.""""","5","https://www.verkkokauppa.com/fi/product/2354/Goobay-3-5-mm-uros-2-x-3-5-mm-naaras-audioadapteri/reviews?page=1","fi"
"Tekee mitä lupaa. Toimii hyvin. Ei kai tästä voi muuta sanoa.","5","https://www.verkkokauppa.com/fi/product/2354/Goobay-3-5-mm-uros-2-x-3-5-mm-naaras-audioadapteri/reviews?page=1","fi",""
"todella hyvä ja laadukas teline edullinen hinta xxxx","5","https://www.verkkokauppa.com/fi/product/33764/Deltaco-PRB-1-projektorin-kattoteline-80-ja-170-mm-varsi/reviews?page=1","fi",""
"Hyvä ja toimii"," mutta pikaliitosten joustavat napit toimi turhan jäykästi""""","4","https://www.verkkokauppa.com/fi/product/33764/Deltaco-PRB-1-projektorin-kattoteline-80-ja-170-mm-varsi/reviews?page=1","fi"
"Asiallisen oloinen ja vastaa myynti-ilmoitusta.Suhteellisen lyhyt takuuaika ihmetyttää"," kun kyseessä kuitenkin vain yksinkertainen kantava osa.""""","4","https://www.verkkokauppa.com/fi/product/33764/Deltaco-PRB-1-projektorin-kattoteline-80-ja-170-mm-varsi/reviews?page=1","fi"
"Vaikka ruuvit oli kireällä"," niin ajan myötä projektori roikkui kuitenkin kallellaan. Millään ei saanut luotettavasti pysymään yhdessä asennossa.""""","2","https://www.verkkokauppa.com/fi/product/33764/Deltaco-PRB-1-projektorin-kattoteline-80-ja-170-mm-varsi/reviews?page=1","fi"
"Kannattaa kiertää tämä tuote kaukaa. Asennnuskokemus oli jotain kauhun ja vihan sekoitusta. Muilla merkeillä paljon toimivamman näköisiä tuotteita.","1","https://www.verkkokauppa.com/fi/product/33764/Deltaco-PRB-1-projektorin-kattoteline-80-ja-170-mm-varsi/reviews?page=1","fi",""
"Paketissa tulleiden ruuvien avulla asennus onnistui helposti. Pientä vekslausta vaati mutta kerran vain kiinni. Teoriassa. Tykin kohdistus voi onnistua kerralla jos nivelessä oleva ruuvi on sopivan tiukkalla. Itsellä se oli aavistuksen liian löysä"," jolloin tykki vääntää itsensä vinoon. Jos taas liian tiukalla niin tuntuu ettei teline kestä vääntöä. Tähän hintaan ei voi paljoa pyytää mutta kattaa odotukset.""""","3","https://www.verkkokauppa.com/fi/product/33764/Deltaco-PRB-1-projektorin-kattoteline-80-ja-170-mm-varsi/reviews?page=1","fi"
"Käytin vain projektoriin kiinnitettävän osan ja tein omat putket kattoasennusta varten. Toimi hyvin"," mutta ei mahdollisuutta säätää kiinnityspistettä painopisteen kohdalle mikä vaikeuttaa ripustusta.""""","3","https://www.verkkokauppa.com/fi/product/33764/Deltaco-PRB-1-projektorin-kattoteline-80-ja-170-mm-varsi/reviews?page=1","fi"
"videotykin telineenä todella vankkaa tekoavaan ei ole kääntömahdollisuutta tykki osoittaa juuri katon mukaisesti eli kuva on katonrajassa ei voi yhtään kääntää kuvaa alaviistoonjoten en voinut asentaa kattoon vaan hyllylevyn alapuolelle jotta kuva oikealla korkeudella","3","https://www.verkkokauppa.com/fi/product/33764/Deltaco-PRB-1-projektorin-kattoteline-80-ja-170-mm-varsi/reviews?page=1","fi",""
"Tuote oli juuri sellainen mitä haluttiinkin ja toimitusaika oli nopea. Positiivisena yllätyksenä oli"," että kiinnitysputkia oli kaksi pidempi ja lyhyempi.""""","5","https://www.verkkokauppa.com/fi/product/33764/Deltaco-PRB-1-projektorin-kattoteline-80-ja-170-mm-varsi/reviews?page=1","fi"
"JOS et osaa niin älä osta!Monet valittavat tuotteen rajallisista säätöominaisuuksista.Itse en nähnyt mitää ongelmaa. Vähän kun ruuvveja löystää ja käyttää päätä niin saa telineen säädettyä ja asennettua helposti.Tästä tuotteesta löytyy toinen paketti pidemmällä putkella. Suosittelen sitä jos katto on korkealla ja kuva halutaan saada alas. Tämän tuotteen putki on erittäin lyhyt (mukana kaksi putkea"," toinen about 15cm)""""","5","https://www.verkkokauppa.com/fi/product/33764/Deltaco-PRB-1-projektorin-kattoteline-80-ja-170-mm-varsi/reviews?page=1","fi"
"Hyvä hinta-laatusuhde.Ohjeet ovat erittäin huonot.Hyvin hankala säätää kohdalleen. Jotta säätöä voi löysätä / kiristää joutuu jalustan irrottamaan katosta.","3","https://www.verkkokauppa.com/fi/product/33764/Deltaco-PRB-1-projektorin-kattoteline-80-ja-170-mm-varsi/reviews?page=1","fi",""
"Helppo asentaa"," kaikki tarvittava mukana. Riittävästi asennusohjeita. Kiinnitysruuveissa riittävästi säätövaraa jopa isolle tykille (Optima). Pysty suunnassa säätövara OK. Tuotteen viimeistely tehty hyvin. Hinta-laatu suhde erittäin hyvä.""""","4","https://www.verkkokauppa.com/fi/product/33764/Deltaco-PRB-1-projektorin-kattoteline-80-ja-170-mm-varsi/reviews?page=2","fi"
"Kokemusta ei tosin ole muista telineistä"," mutta ainakin tämän säätömahdollisuudet ovat aika heikot. Alustavasti en saanut kuvaa katosta osoitettua tarpeeksi alas vaikka käytin pitempää putkea. Toki kuvauksestakin näkyy että esim. tilt säätö on vain 15 astetta.Osat (lähinnä tuo putki) ei tahdo ihan helpolla myöskään asettua paikalleen vaan itse sitä jouduin jonkin aikaa yrittämään ennen kuin putken sai paikalleen.""""","2","https://www.verkkokauppa.com/fi/product/33764/Deltaco-PRB-1-projektorin-kattoteline-80-ja-170-mm-varsi/reviews?page=2","fi"
"Helppo asentaa ja käyttää ja edullinen tuote.......","5","https://www.verkkokauppa.com/fi/product/33764/Deltaco-PRB-1-projektorin-kattoteline-80-ja-170-mm-varsi/reviews?page=2","fi",""
"Verrattuna kalliimpiin niin harvinaisen hankala asentaa. Vastedes ostan vain semmoisia jossa nivel helposti säädettävissä jotta voi tykin kallistaa helposti.","1","https://www.verkkokauppa.com/fi/product/33764/Deltaco-PRB-1-projektorin-kattoteline-80-ja-170-mm-varsi/reviews?page=2","fi",""
"Tämä oli kyllä hutiostos. Aivan surkea äänenlaatu ja kaverit ei meinaa kuulla mitään toisessa päässä. Tuulisuoja blokkaa ison osan ääntä pois. En kyllä voi suositella tätä tuotetta","1","https://www.verkkokauppa.com/fi/product/189713/Gembird-MIC-205-poytamikrofoni/reviews?page=1","fi",""
"Hintaisekseen ihan passeli vehje. En tiedä mitä tämän hintaluokan elektroniikalta varsinaisesti pitäisi odottaa.","4","https://www.verkkokauppa.com/fi/product/189713/Gembird-MIC-205-poytamikrofoni/reviews?page=1","fi",""
"Älä osta sillä se """"""""säästö"""""""""," minkä teet tämän mikin ostamalla tulee olemaan 50€+ tappio""""","1","https://www.verkkokauppa.com/fi/product/189713/Gembird-MIC-205-poytamikrofoni/reviews?page=1","fi"
"Pysykää kaukana tästä tuotteesta sillä nämä kiinalaiset jotka näitä tekee ei osaa valmistaa mikrofoneja. Jos puhaltaa mikrofooniin ihan täpöö niin näkyy vaan et -100dB.","1","https://www.verkkokauppa.com/fi/product/189713/Gembird-MIC-205-poytamikrofoni/reviews?page=1","fi",""
"Hyvä mikrofoni"," ajaa tarkoituksensa. Äänen laatu on hyvä.""""","5","https://www.verkkokauppa.com/fi/product/189713/Gembird-MIC-205-poytamikrofoni/reviews?page=1","fi"
"Ei sovi ainakaan striimaamiseen muuten varmaan hyvä","3","https://www.verkkokauppa.com/fi/product/189713/Gembird-MIC-205-poytamikrofoni/reviews?page=1","fi",""
"Erittäin huono mikrofoni enkä suosittelisi tätä kenellekään paitsi äärimmäisessä hätätilanteessa.","1","https://www.verkkokauppa.com/fi/product/189713/Gembird-MIC-205-poytamikrofoni/reviews?page=1","fi",""
"Eihän tämä mikään studio mikki ole"," mutta hinta/laatusuhteelta tuskin kovin pian parempaakaan pöytämikkiä löytyy.Ehdottomasti vastinetta rahalle.""""","5","https://www.verkkokauppa.com/fi/product/189713/Gembird-MIC-205-poytamikrofoni/reviews?page=1","fi"
"Hankittu nettipelaamiseen. Mikki kannattaa asettaa melko lähelle suuta"," jos haluaa sen kuuluvan hyvin.Hintaisekseen hyvä tuote.""""","4","https://www.verkkokauppa.com/fi/product/189713/Gembird-MIC-205-poytamikrofoni/reviews?page=1","fi"
"Tämä mikrofoni on hintaansa suhden loistava"," äänenlaatu ei ole niin hyvä verrattavissa muihin kalliimpiin mikrofoneihin mutta hinnakseen se on erinomainen.""""","5","https://www.verkkokauppa.com/fi/product/189713/Gembird-MIC-205-poytamikrofoni/reviews?page=1","fi"
"Toimii hyvin yleiskäytössä esim skype.On halpa.Äänenlaatu ei ole paras mahdollinen","4","https://www.verkkokauppa.com/fi/product/189713/Gembird-MIC-205-poytamikrofoni/reviews?page=2","fi",""
"Hyvin tuntuu toimivan. Just plug and play. Ottaa yllättävän hyvin äänen/äänet kauempaakin.","5","https://www.verkkokauppa.com/fi/product/189713/Gembird-MIC-205-poytamikrofoni/reviews?page=2","fi",""
"Ihan ok mikrofoni vähällä rahalla. Sopii hyvin pelaamiseen.","4","https://www.verkkokauppa.com/fi/product/189713/Gembird-MIC-205-poytamikrofoni/reviews?page=2","fi",""
"Tässä mikrofonissa on tuki vain Windows-käyttöjärjestelmille.","3","https://www.verkkokauppa.com/fi/product/189713/Gembird-MIC-205-poytamikrofoni/reviews?page=2","fi",""
"Hankittu pöytämikrofoniksi pelisessioita varten. Ajaa asianta eikä ole ainakaan hinnalla pilattu.","4","https://www.verkkokauppa.com/fi/product/189713/Gembird-MIC-205-poytamikrofoni/reviews?page=2","fi",""
"Kelpo mikki hintaansa nähden. Tekee tehtävänsä yhtä hyvin kun tämän hintaiselta olettaisikin ja ei kulu käytössä. Satunnaista staatista kahinaa lukuunottamatta äänenlaatu on siedettävä","3","https://www.verkkokauppa.com/fi/product/189713/Gembird-MIC-205-poytamikrofoni/reviews?page=2","fi",""
"Mikki oli erittäin huono laatuinen ja äänenlaatu oli todella huono"," vaikka hintaan nähden ei paljoa voinut odottaakkaan. Mikkiä piti pitää noin 10cm päässä suusta tai ääni ei kuulunut. Mikistä kuului myös erittäin paljon """"""""surinaa"""""""".""""","1","https://www.verkkokauppa.com/fi/product/189713/Gembird-MIC-205-poytamikrofoni/reviews?page=2","fi"
"Jos ei headsetin käyttäminen nappaa niin pöytämikrofoni sopii hyvin normaaliin käyttöön Skypessä yms. Hyvä"," selkeä äänenlaatu hintaansa nähden.Plussaa vielä on/off napista josta mikin voi kytkeä varmasti pois päältä.""""","5","https://www.verkkokauppa.com/fi/product/189713/Gembird-MIC-205-poytamikrofoni/reviews?page=2","fi"
"Mikrofoni on hyvää vastinetta rahoille. Hieman heiveröinen rakenne tuntuu siltä että voi joskus antaa periksi"," mutta nyt ajaa asiansa.""""","4","https://www.verkkokauppa.com/fi/product/189713/Gembird-MIC-205-poytamikrofoni/reviews?page=2","fi"
"Hintaansa nähden ok tuote. Käytetty skypen kanssa.","4","https://www.verkkokauppa.com/fi/product/189713/Gembird-MIC-205-poytamikrofoni/reviews?page=2","fi",""
"Tuote ei toimi siihen mihin piti mutta jouduinkin ostamaan näitä kahta eri rinnakkaismallia kun kukaan ei tiennyt kumpi on se jota minä tarvitsen"," joten varsinaisesti ei ole kyse toimimattomuudestaa vaan siitä että oli vain väärä malli.""""","3","https://www.verkkokauppa.com/fi/product/249983/DeLOCK-4pin-TRRS-OMTP-kuulokemikrofoniadapteri/reviews?page=1","fi"
"Läppäriä varten ostin adapterin"," jotta voisin yhdistää pelikuulokkeet. Laatu huononi kovasti eikä mikkikään toiminut.""""","1","https://www.verkkokauppa.com/fi/product/249983/DeLOCK-4pin-TRRS-OMTP-kuulokemikrofoniadapteri/reviews?page=1","fi"
"Parhaat langattomat nappikuulokkeet mitkä olen tähän mennessä ostanut. Käytin näitä pihatöissä kesän ajan. Sopii treenaamiseen ja muuhun aktiiviseen toimintaan.Napit on mukavat korvissa ja pysyvät hyvin.Akku kestää hyvin jopa lähes kahdeksan tunnin käytön.Äänenlaatu ei täytä audiohifistelijän vaatimuksia"," mutta itse olin ihan tyytyväinen.""""","5","https://www.verkkokauppa.com/fi/product/390716/Koss-BT190i-Bluetooth-nappikuulokkeet-musta/reviews?page=1","fi"
"Nämä kuulokkeet ovat selvästi hintaluokkansa aatelia.","4","https://www.verkkokauppa.com/fi/product/390716/Koss-BT190i-Bluetooth-nappikuulokkeet-musta/reviews?page=1","fi",""
"Parhaimmat langattomat kuulokkeet varsinkin urheiluun"," koska pysyy korvissa eikä tipu. Myös akun kesto  ja äänentoisto ovat hyvät!""""","5","https://www.verkkokauppa.com/fi/product/390716/Koss-BT190i-Bluetooth-nappikuulokkeet-musta/reviews?page=1","fi"
"Todella hintansa arvoiset kuulokkeet. Akku on kestävä. Lenkkeillessä kuulokkeet pysyvät hyvin korvissa. Suosittelen!","5","https://www.verkkokauppa.com/fi/product/390716/Koss-BT190i-Bluetooth-nappikuulokkeet-musta/reviews?page=1","fi",""
"Sopii pienempäänkin korvaan ja pysyy hyvin paikallaan. Äänenlaatu hyvä ja helppokäyttöiset.","4","https://www.verkkokauppa.com/fi/product/390716/Koss-BT190i-Bluetooth-nappikuulokkeet-musta/reviews?page=1","fi",""
"Tarkoitus oli hankkia uudet kuulokkeet juoksulenkkejä varten hinnaston edullisimmasta päästä. Ensivaikutelma oli hieman muovinen ja lelumainen rakenne. Plussaa  kuitenkin keveydestä. Istuvat hyvin korviin ja pysyvät tukevasti paikallaan. Äänenlaatu ainakin minulle ok. Akku tuntuu riittävän hyvin. Jos kestävät käyttöä niin ei valittamista.","4","https://www.verkkokauppa.com/fi/product/390716/Koss-BT190i-Bluetooth-nappikuulokkeet-musta/reviews?page=1","fi",""
"Kallistuksen säätö toteutettu tosi surkeasti. Minulla on toinen ihan vastaavalla mekanismilla toteutettu teline"," mutta siinä kuitenkin kallistuksen säätö toimii.. Tämä teline on hutera ja säädöt olemattomat. Olisin varmaan palauttanut jos olisin tiennyt etukäteen miten paljon joudun näkemään vaivaa jotta saan valmiin telineen kattoon. Tekemällä itse koko telineen ei varmasti olisi ollut sen suurempi työ kuin tämän kanssa nyt oli.""""","1","https://www.verkkokauppa.com/fi/product/37732/Deltaco-PRB-3-projektorin-kattoteline-80-980-mm-varsi/reviews?page=1","fi"
"Kilpailukykyisesti hinnoiteltu teline josta löytyy samat säädöt ja ominaisuudet kuin kymmeniä euroja kalliimmistakin malleista. Asennus sujui ilman kummempia ongelmia. Huomioitavaa piuhojen asennuksesta: telineen runko ei ole ontto joten johdot pitää vetää ulkopuolella. Telineen varren sisään ne saa pujoteltua mutta siitä eteenpäin (jos halutaan johdot katon sisään) täytyy tehdä erillinen reikä. Jos johdot menevät pintavetona niin tämäkään ei ole ongelma. En ole tutkinut muita telineitä onko muissakaan mahdollisuutta piilottaa kattoon tulevaa reikää telineen kiinnityksen alle"," eli tämä voi olla kaikille yhteinen ominaisuus.""""","5","https://www.verkkokauppa.com/fi/product/37732/Deltaco-PRB-3-projektorin-kattoteline-80-980-mm-varsi/reviews?page=1","fi"
"Perusteline oppilaitoksiin ja miksei kotiinkin. Hyvää varren säädettävyys eri korkeuksille.","3","https://www.verkkokauppa.com/fi/product/37732/Deltaco-PRB-3-projektorin-kattoteline-80-980-mm-varsi/reviews?page=1","fi",""
"Toimii käyttötarkoituksessaan. Pitkällä varrella vähän hempula ja kaltevuuden säätö hankala.","3","https://www.verkkokauppa.com/fi/product/37732/Deltaco-PRB-3-projektorin-kattoteline-80-980-mm-varsi/reviews?page=1","fi",""
"Tein väärän kattotelinevalinnan Optomalle. sopi ainoastaan peruskiekon kanssa. Säätöjalat jäivät ylimääräisekssi. Noh"," katossa kone nyt kuitenkin on.""""","3","https://www.verkkokauppa.com/fi/product/37732/Deltaco-PRB-3-projektorin-kattoteline-80-980-mm-varsi/reviews?page=1","fi"
"Toimii erinomaisesti. Käytän tätä TheC64-konsolin kanssa ja nostaa pelikokemuksen uudelle tasolle. Teknisesti oli helppo plug-and-play -käyttöönotto","5","https://www.verkkokauppa.com/fi/product/164819/Logitech-F710-PC-peliohjain/reviews?page=1","fi",""
"Yhteys pätkii koko ajan. Jos kaksi ohjainta on yhtä aikaa tietokoneessa niin yhteys ja toimivuus on vieläkin heikompaa; sikäli kun se on edes mahdollista. Välillä yhteys toimii mutta kontrollit ovat aivan sekaisin. Täysin rehellisesti sanottuna tämä on varmasti yksi surkeimmista ohjaimista mitä olen koskaan käyttänyt. Sinällään ohjain tuntuu ihan kelvolliselta silloin kun se toimii mutta yhteys- ja muut ongelmat tekevät käytöstä yhtä tuskaa. Logitech ei myöskään ole tehnyt elettäkään korjatakseen edellä mainittuja onglemia joten mitään korjauksia tuskin on koskaan luvassa.Pysykää kaukana tästä. En todellakaan suosittele.","1","https://www.verkkokauppa.com/fi/product/164819/Logitech-F710-PC-peliohjain/reviews?page=1","fi",""
"Pcn paras ohjain:) toimii todella hienosti ja sulavasti!","4","https://www.verkkokauppa.com/fi/product/164819/Logitech-F710-PC-peliohjain/reviews?page=1","fi",""
"En koskaan tiennyt"," miten mukavaa se on pelata pelejä controler kunnes yritän. Ei toimi kaikissa peleissä vaikka. Hyvä tuote.""""","4","https://www.verkkokauppa.com/fi/product/164819/Logitech-F710-PC-peliohjain/reviews?page=1","fi"
"Hyvä perusohjain riittävillä toiminnoilla. Ojelmointi helppoa.","5","https://www.verkkokauppa.com/fi/product/164819/Logitech-F710-PC-peliohjain/reviews?page=1","fi",""
"Kertaakaan en ole huonoa Logitechin tuotetta käsiini saanut"," joten ei ollut mikään yllätys että tämä tuote on juuri sitä mitä halusin.Ohjain sopii täydellisesti käteen ja patterit tuntuvat riittävän kohtuullisen hyvin.Seuraavaan malliin kuin saisi vielä akut patterien tilalle.""""","5","https://www.verkkokauppa.com/fi/product/164819/Logitech-F710-PC-peliohjain/reviews?page=1","fi"
"Heikko langaton yhteys"," pätkii koko ajan. Tietty ongelma tällä ohjaimella mutta Logitech ei tee mitään.""""","1","https://www.verkkokauppa.com/fi/product/164819/Logitech-F710-PC-peliohjain/reviews?page=1","fi"
"Nopea datansiirto"," riittää omiin tarpeisiin  (soundlibraryn (eastewest sounds)  käyttämiseen SSD-levyltä.""""","4","https://www.verkkokauppa.com/fi/product/810016/Kingston-XS2000-ulkoinen-SSD-levy-4-Tt/reviews?page=1","fi"
"jonkin aikaa toimii"," sen jälkeen lakkasi yhdistämästä maciin""""","2","https://www.verkkokauppa.com/fi/product/810016/Kingston-XS2000-ulkoinen-SSD-levy-4-Tt/reviews?page=1","fi"
"Vajaan 8 kk käytön jälkeen vakavia yhteysongelmia"," jotka aiheuttavat kolmansien ohjelmien kaatumisia yms.""""","1","https://www.verkkokauppa.com/fi/product/810016/Kingston-XS2000-ulkoinen-SSD-levy-4-Tt/reviews?page=1","fi"
"Pieni"," kevyt ja toimiva. Suojakotelo plussaa. Mukana tulevat johdot varsin lyhyet ja jäykät.""""","4","https://www.verkkokauppa.com/fi/product/810016/Kingston-XS2000-ulkoinen-SSD-levy-4-Tt/reviews?page=1","fi"
"Kaasujousi vaihdettu kahdesti kun hajoa. Ruuvit irtoilee. Ei todellaakaan mikään laadukas tuote.","1","https://www.verkkokauppa.com/fi/product/624170/Ergo-Finland-Kasper-Comfort-tyotuoli-musta/reviews?page=1","fi",""
"En ole vielä kerinnyt avaamaan pakettia"," mutta paketti itsessään on todella hyvännäköinen ja laadukasta pahvia. Paketin teippauksessa käytetty huolellisuutta ja näin varmistettu tuotteiden pysyminen paketissa myös vaativissa olosuhteissa.""""","5","https://www.verkkokauppa.com/fi/product/445865/Rollei-DF-S-310-SE-diakuva-ja-valokuvafilmiskanneri/reviews?page=1","fi"
"Sain vanhat valokuvat negatiiveiltä vedettyä tietokoneelle.  Hyvät tuli. Kätevä käyttää. Hyvä ostos.","5","https://www.verkkokauppa.com/fi/product/445865/Rollei-DF-S-310-SE-diakuva-ja-valokuvafilmiskanneri/reviews?page=1","fi",""
"Toimii huonosti paksujen DIA-kehysten kanssa. Tilanne parani"," kun avasin pohjassa olevia ruuveja hieman. Kuvan laatu kohtuullinen. Lopulta ei enää yhdistynyt Windows-koneelle päivityksen jälkeen. Muistikortin avulla sai kuvat siirrettyä tietokoneelle.""""","1","https://www.verkkokauppa.com/fi/product/445865/Rollei-DF-S-310-SE-diakuva-ja-valokuvafilmiskanneri/reviews?page=1","fi"
" mutta...","...lasillisten diojen syöttö tajeltelee pahasti liian tiukan syöttölaitteen takia. Lasittomat kehykset on kyllä tosi helppo ja nopea skannata","2","https://www.verkkokauppa.com/fi/product/445865/Rollei-DF-S-310-SE-diakuva-ja-valokuvafilmiskanneri/reviews?page=1","fi"
"1960- ja 70-luvuilla ottamani värikuvat ovat jo hyvin punaisia. Skannerilla saan kuvat filmeistä uudelleen värikuviksi. Samalla voin valikoida filmeistä parhaat otokset säilytettäviksi.","4","https://www.verkkokauppa.com/fi/product/445865/Rollei-DF-S-310-SE-diakuva-ja-valokuvafilmiskanneri/reviews?page=1","fi",""
"Todella hyvä laite!  Hienoa että pystyy taltioimaan kaikki vanhat kuvat uudelle """"""""aikakaudelle""""""""Helpottaa jälkipolvia sukututkimuksessa.Olen erittäin tyytyväinen.""""","5","https://www.verkkokauppa.com/fi/product/445865/Rollei-DF-S-310-SE-diakuva-ja-valokuvafilmiskanneri/reviews?page=2","fi",""
"Diojen syöttölaite on liian ahdas skannattaville dioilleni tai toistenpäin ajateltuna skannattavien diojeni kehykset ovat liian paksuja syöttölaitteelle. Tästä johtuen diojen syöttö on vaivalloista ja vaatii vähän voimaa"," joten heppoinen """"""""salpa"""""""" sitten katkesikin noin 1300 dian jälkeen. Syöttö toki onnistuu edelleenkin ja skannatut kuvat ovat riittävän hyvälaatuisia minulle. Ihan kohtuullinen laite hintaansa nähden.""""","3","https://www.verkkokauppa.com/fi/product/445865/Rollei-DF-S-310-SE-diakuva-ja-valokuvafilmiskanneri/reviews?page=2","fi"
"Rulla lopetti toimintansa joten purin osiin koko hiiren. Rullan tappi on todella ohut joka kiinnittyy potentiometriin toiselta laidalta ja toinen pää tapista makaa kytkimen päällä. Muutama virheasennossa rullan painallus katkaisee tapin potentiometrin puolelta rullasta.","1","https://www.verkkokauppa.com/fi/product/554173/Corsair-IronClaw-RGB-Wireless-langaton-pelihiiri-musta/reviews?page=1","fi",""
"Ensimmäisen hiiren rulla lopetti toimimisen noin 5 kk käytön jälkeen. Pyörii mukavasti muttei rullaa ruudulla. Vaihdoin toiseen samanlaiseen takuussa ja nyt tämä uusi hiiri teki saman tempun vain 2 kuukautta vaihdon jälkeen.Internetin perusteella näyttäis olevan  corsairin laatuongelma ja johtuu liian heikosta muovitapista rullassa. Tuon vois itse korjata laittamalla tapin tilalle naulan tms. mutta ei passaa takuu aikana säätämään ku menee takuu.Tämä on minulle viimeinen corsair hiiri ja kokeilen vaihtaa tuon takuussa jonkin paremman valmistajan hiireen.","1","https://www.verkkokauppa.com/fi/product/554173/Corsair-IronClaw-RGB-Wireless-langaton-pelihiiri-musta/reviews?page=1","fi",""
"vuoden mulla ollut tämä hiiri ja middle mouse buttonin clicki ei toimi ja molemmat mouse buttonit tuplaklikkaa joka painalluksella","1","https://www.verkkokauppa.com/fi/product/554173/Corsair-IronClaw-RGB-Wireless-langaton-pelihiiri-musta/reviews?page=1","fi",""
"Tuotetta kootessa huomaa sen edullisuuden"," eli on jokseenkin hutera kasaamisen jälkeenkin. Toimii kuitenkin käytössä etenkin jos ei Raspberryä hirveästi liikuttele. Ehkä valitsisin jonkun toisen kotelon jos ostaisin toisen Raspberryn.""""","3","https://www.verkkokauppa.com/fi/product/203610/Raspberry-Pi-muovikotelo-Raspberry-Pi-B-2-B-3-B-tietokoneill/reviews?page=1","fi"
"Tyylikäs kotelo mutta meteriaali on turhan herkkä menemään rikki vähän isommasta kolhusta. Etupäässä tämä koskee kotelon pieniä """"""""koukkuja"""""""". Johtuu osittain myös osien suunnittelusta ja kokoamistyylistä. Paketin mukana tuli jotkut ohjeet joista olisi ehkä saanut käsityksen siitä miten kotelo kasataan ...Suosittelen siinä tapauksessa jos kotelon on tarkotus pysyä jossakin näkyvillä pöydällä ja sitä ei ole tarkoitus siirrellä. Varjeltava kolhuilta. Luovuin käytöstä erään lisäosan takia.""""","3","https://www.verkkokauppa.com/fi/product/203610/Raspberry-Pi-muovikotelo-Raspberry-Pi-B-2-B-3-B-tietokoneill/reviews?page=1","fi",""
"Kotelon materiaali ei kestä pienintäkään kolhua. Meni heti hajalle. Muuten kyllä kotelo olisi hyvin tehty.","2","https://www.verkkokauppa.com/fi/product/203610/Raspberry-Pi-muovikotelo-Raspberry-Pi-B-2-B-3-B-tietokoneill/reviews?page=1","fi",""
